ADAPTIVE MANAGEMENT;IMPACT ASSESMENT (ENVIRONMENT)
ADAPTIVE MANAGEMENT;INTEGRATIVE APPROACH
ADAPTIVE MANAGEMENT;MODELLING (COMPANION)
ADAPTIVE MANAGEMENT;MODELLING (INTEGRATED)
ADAPTIVE MANAGEMENT;MONITORING (ENVIRONMENTAL)
ADAPTIVE MANAGEMENT;MULTI-SCALE (SPATIAL)
ADAPTIVE MANAGEMENT;SIMULATION
ADAPTIVE MANAGEMENT;SOCIO-ECOLOGICAL SCENARIO
ADAPTIVE MANAGEMENT;SOFTWARE ENGINEERING
ADAPTIVE MANAGEMENT;WATER MANAGEMENT
IMPACT ASSESMENT (ENVIRONMENT);INTEGRATIVE APPROACH
IMPACT ASSESMENT (ENVIRONMENT);MODELLING (COMPANION)
IMPACT ASSESMENT (ENVIRONMENT);MODELLING (INTEGRATED)
IMPACT ASSESMENT (ENVIRONMENT);MONITORING (ENVIRONMENTAL)
IMPACT ASSESMENT (ENVIRONMENT);MULTI-SCALE (SPATIAL)
IMPACT ASSESMENT (ENVIRONMENT);SIMULATION
IMPACT ASSESMENT (ENVIRONMENT);SOCIO-ECOLOGICAL SCENARIO
IMPACT ASSESMENT (ENVIRONMENT);SOFTWARE ENGINEERING
IMPACT ASSESMENT (ENVIRONMENT);WATER MANAGEMENT
INTEGRATIVE APPROACH;MODELLING (COMPANION)
INTEGRATIVE APPROACH;MODELLING (INTEGRATED)
INTEGRATIVE APPROACH;MONITORING (ENVIRONMENTAL)
INTEGRATIVE APPROACH;MULTI-SCALE (SPATIAL)
INTEGRATIVE APPROACH;SIMULATION
INTEGRATIVE APPROACH;SOCIO-ECOLOGICAL SCENARIO
INTEGRATIVE APPROACH;SOFTWARE ENGINEERING
INTEGRATIVE APPROACH;WATER MANAGEMENT
MODELLING (COMPANION);MODELLING (INTEGRATED)
MODELLING (COMPANION);MONITORING (ENVIRONMENTAL)
MODELLING (COMPANION);MULTI-SCALE (SPATIAL)
MODELLING (COMPANION);SIMULATION
MODELLING (COMPANION);SOCIO-ECOLOGICAL SCENARIO
MODELLING (COMPANION);SOFTWARE ENGINEERING
MODELLING (COMPANION);WATER MANAGEMENT
MODELLING (INTEGRATED);MONITORING (ENVIRONMENTAL)
MODELLING (INTEGRATED);MULTI-SCALE (SPATIAL)
MODELLING (INTEGRATED);SIMULATION
MODELLING (INTEGRATED);SOCIO-ECOLOGICAL SCENARIO
MODELLING (INTEGRATED);SOFTWARE ENGINEERING
MODELLING (INTEGRATED);WATER MANAGEMENT
MONITORING (ENVIRONMENTAL);MULTI-SCALE (SPATIAL)
MONITORING (ENVIRONMENTAL);SIMULATION
MONITORING (ENVIRONMENTAL);SOCIO-ECOLOGICAL SCENARIO
MONITORING (ENVIRONMENTAL);SOFTWARE ENGINEERING
MONITORING (ENVIRONMENTAL);WATER MANAGEMENT
MULTI-SCALE (SPATIAL);SIMULATION
MULTI-SCALE (SPATIAL);SOCIO-ECOLOGICAL SCENARIO
MULTI-SCALE (SPATIAL);SOFTWARE ENGINEERING
MULTI-SCALE (SPATIAL);WATER MANAGEMENT
SIMULATION;SOCIO-ECOLOGICAL SCENARIO
SIMULATION;SOFTWARE ENGINEERING
SIMULATION;WATER MANAGEMENT
SOCIO-ECOLOGICAL SCENARIO;SOFTWARE ENGINEERING
SOCIO-ECOLOGICAL SCENARIO;WATER MANAGEMENT
SOFTWARE ENGINEERING;WATER MANAGEMENT
COMPARATIVE APPROACH;MODELLING (INTEGRATED)
COMPARATIVE APPROACH;MODELLING (INTERDISCIPLINARY)
COMPARATIVE APPROACH;MULTI-SCALE (SPATIAL)
COMPARATIVE APPROACH;MULTI-SCALE (TEMPORAL AND FUNCTIONAL)
COMPARATIVE APPROACH;POPULARIZATION (FR: VULGARISATION)
COMPARATIVE APPROACH;WATER MANAGEMENT
COMPARATIVE APPROACH;WATER POLICY
MODELLING (INTEGRATED);MODELLING (INTERDISCIPLINARY)
MODELLING (INTEGRATED);MULTI-SCALE (SPATIAL)
MODELLING (INTEGRATED);MULTI-SCALE (TEMPORAL AND FUNCTIONAL)
MODELLING (INTEGRATED);POPULARIZATION (FR: VULGARISATION)
MODELLING (INTEGRATED);WATER MANAGEMENT
MODELLING (INTEGRATED);WATER POLICY
MODELLING (INTERDISCIPLINARY);MULTI-SCALE (SPATIAL)
MODELLING (INTERDISCIPLINARY);MULTI-SCALE (TEMPORAL AND FUNCTIONAL)
MODELLING (INTERDISCIPLINARY);POPULARIZATION (FR: VULGARISATION)
MODELLING (INTERDISCIPLINARY);WATER MANAGEMENT
MODELLING (INTERDISCIPLINARY);WATER POLICY
MULTI-SCALE (SPATIAL);MULTI-SCALE (TEMPORAL AND FUNCTIONAL)
MULTI-SCALE (SPATIAL);POPULARIZATION (FR: VULGARISATION)
MULTI-SCALE (SPATIAL);WATER MANAGEMENT
MULTI-SCALE (SPATIAL);WATER POLICY
MULTI-SCALE (TEMPORAL AND FUNCTIONAL);POPULARIZATION (FR: VULGARISATION)
MULTI-SCALE (TEMPORAL AND FUNCTIONAL);WATER MANAGEMENT
MULTI-SCALE (TEMPORAL AND FUNCTIONAL);WATER POLICY
POPULARIZATION (FR: VULGARISATION);WATER MANAGEMENT
POPULARIZATION (FR: VULGARISATION);WATER POLICY
WATER MANAGEMENT;WATER POLICY
IMAGE PROCESSING;INTEGRATIVE APPROACH
IMAGE PROCESSING;MODEL COUPLING
IMAGE PROCESSING;MODELLING (HYDRODYNAMICS)
IMAGE PROCESSING;MODELLING (HYDROLOGICAL)
IMAGE PROCESSING;MONITORING (HYDROLOGY)
IMAGE PROCESSING;MONITORING (SOCIO-ENVIRONMENTAL)
IMAGE PROCESSING;MULTI-SCALE (SPATIAL)
IMAGE PROCESSING;MULTI-SCALE (TEMPORAL AND FUNCTIONAL)
IMAGE PROCESSING;WATER MANAGEMENT
INTEGRATIVE APPROACH;MODEL COUPLING
INTEGRATIVE APPROACH;MODELLING (HYDRODYNAMICS)
INTEGRATIVE APPROACH;MODELLING (HYDROLOGICAL)
INTEGRATIVE APPROACH;MONITORING (HYDROLOGY)
INTEGRATIVE APPROACH;MONITORING (SOCIO-ENVIRONMENTAL)
INTEGRATIVE APPROACH;MULTI-SCALE (SPATIAL)
INTEGRATIVE APPROACH;MULTI-SCALE (TEMPORAL AND FUNCTIONAL)
INTEGRATIVE APPROACH;WATER MANAGEMENT
MODEL COUPLING;MODELLING (HYDRODYNAMICS)
MODEL COUPLING;MODELLING (HYDROLOGICAL)
MODEL COUPLING;MONITORING (HYDROLOGY)
MODEL COUPLING;MONITORING (SOCIO-ENVIRONMENTAL)
MODEL COUPLING;MULTI-SCALE (SPATIAL)
MODEL COUPLING;MULTI-SCALE (TEMPORAL AND FUNCTIONAL)
MODEL COUPLING;WATER MANAGEMENT
MODELLING (HYDRODYNAMICS);MODELLING (HYDROLOGICAL)
MODELLING (HYDRODYNAMICS);MONITORING (HYDROLOGY)
MODELLING (HYDRODYNAMICS);MONITORING (SOCIO-ENVIRONMENTAL)
MODELLING (HYDRODYNAMICS);MULTI-SCALE (SPATIAL)
MODELLING (HYDRODYNAMICS);MULTI-SCALE (TEMPORAL AND FUNCTIONAL)
MODELLING (HYDRODYNAMICS);WATER MANAGEMENT
MODELLING (HYDROLOGICAL);MONITORING (HYDROLOGY)
MODELLING (HYDROLOGICAL);MONITORING (SOCIO-ENVIRONMENTAL)
MODELLING (HYDROLOGICAL);MULTI-SCALE (SPATIAL)
MODELLING (HYDROLOGICAL);MULTI-SCALE (TEMPORAL AND FUNCTIONAL)
MODELLING (HYDROLOGICAL);WATER MANAGEMENT
MONITORING (HYDROLOGY);MONITORING (SOCIO-ENVIRONMENTAL)
MONITORING (HYDROLOGY);MULTI-SCALE (SPATIAL)
MONITORING (HYDROLOGY);MULTI-SCALE (TEMPORAL AND FUNCTIONAL)
MONITORING (HYDROLOGY);WATER MANAGEMENT
MONITORING (SOCIO-ENVIRONMENTAL);MULTI-SCALE (SPATIAL)
MONITORING (SOCIO-ENVIRONMENTAL);MULTI-SCALE (TEMPORAL AND FUNCTIONAL)
MONITORING (SOCIO-ENVIRONMENTAL);WATER MANAGEMENT
MULTI-SCALE (SPATIAL);MULTI-SCALE (TEMPORAL AND FUNCTIONAL)
MULTI-SCALE (SPATIAL);WATER MANAGEMENT
MULTI-SCALE (TEMPORAL AND FUNCTIONAL);WATER MANAGEMENT
CAPACITY BUILDING;COMPARATIVE APPROACH
CAPACITY BUILDING;DATA ANALYSIS
CAPACITY BUILDING;DATA CLEANING
CAPACITY BUILDING;DATA COLLECTION
CAPACITY BUILDING;DATA CONSERVATION
CAPACITY BUILDING;DATA MANAGEMENT
CAPACITY BUILDING;DATA PREPROCESSING
CAPACITY BUILDING;DATA PROCESSING
CAPACITY BUILDING;EXPERTISE (ENGINEERING)
CAPACITY BUILDING;FORECASTING
CAPACITY BUILDING;MODELLING (CALIBRATION)
CAPACITY BUILDING;MODELLING (HYDRODYNAMICS)
CAPACITY BUILDING;MODELLING (HYDROLOGICAL)
CAPACITY BUILDING;MODELLING (MATHEMATICAL)
CAPACITY BUILDING;MODELLING (PREDICTIVE)
CAPACITY BUILDING;MONITORING (HYDROLOGY)
CAPACITY BUILDING;NATURAL RESOURCE MANAGEMENT
CAPACITY BUILDING;OPERATIONAL RESEARCH
CAPACITY BUILDING;SIMULATION
CAPACITY BUILDING;SIMULATION (WATER FLOW)
CAPACITY BUILDING;SOFTWARE ENGINEERING
CAPACITY BUILDING;WATER MANAGEMENT
CAPACITY BUILDING;WATER POLICY
COMPARATIVE APPROACH;DATA ANALYSIS
COMPARATIVE APPROACH;DATA CLEANING
COMPARATIVE APPROACH;DATA COLLECTION
COMPARATIVE APPROACH;DATA CONSERVATION
COMPARATIVE APPROACH;DATA MANAGEMENT
COMPARATIVE APPROACH;DATA PREPROCESSING
COMPARATIVE APPROACH;DATA PROCESSING
COMPARATIVE APPROACH;EXPERTISE (ENGINEERING)
COMPARATIVE APPROACH;FORECASTING
COMPARATIVE APPROACH;MODELLING (CALIBRATION)
COMPARATIVE APPROACH;MODELLING (HYDRODYNAMICS)
COMPARATIVE APPROACH;MODELLING (HYDROLOGICAL)
COMPARATIVE APPROACH;MODELLING (MATHEMATICAL)
COMPARATIVE APPROACH;MODELLING (PREDICTIVE)
COMPARATIVE APPROACH;MONITORING (HYDROLOGY)
COMPARATIVE APPROACH;NATURAL RESOURCE MANAGEMENT
COMPARATIVE APPROACH;OPERATIONAL RESEARCH
COMPARATIVE APPROACH;SIMULATION
COMPARATIVE APPROACH;SIMULATION (WATER FLOW)
COMPARATIVE APPROACH;SOFTWARE ENGINEERING
COMPARATIVE APPROACH;WATER MANAGEMENT
COMPARATIVE APPROACH;WATER POLICY
DATA ANALYSIS;DATA CLEANING
DATA ANALYSIS;DATA COLLECTION
DATA ANALYSIS;DATA CONSERVATION
DATA ANALYSIS;DATA MANAGEMENT
DATA ANALYSIS;DATA PREPROCESSING
DATA ANALYSIS;DATA PROCESSING
DATA ANALYSIS;EXPERTISE (ENGINEERING)
DATA ANALYSIS;FORECASTING
DATA ANALYSIS;MODELLING (CALIBRATION)
DATA ANALYSIS;MODELLING (HYDRODYNAMICS)
DATA ANALYSIS;MODELLING (HYDROLOGICAL)
DATA ANALYSIS;MODELLING (MATHEMATICAL)
DATA ANALYSIS;MODELLING (PREDICTIVE)
DATA ANALYSIS;MONITORING (HYDROLOGY)
DATA ANALYSIS;NATURAL RESOURCE MANAGEMENT
DATA ANALYSIS;OPERATIONAL RESEARCH
DATA ANALYSIS;SIMULATION
DATA ANALYSIS;SIMULATION (WATER FLOW)
DATA ANALYSIS;SOFTWARE ENGINEERING
DATA ANALYSIS;WATER MANAGEMENT
DATA ANALYSIS;WATER POLICY
DATA CLEANING;DATA COLLECTION
DATA CLEANING;DATA CONSERVATION
DATA CLEANING;DATA MANAGEMENT
DATA CLEANING;DATA PREPROCESSING
DATA CLEANING;DATA PROCESSING
DATA CLEANING;EXPERTISE (ENGINEERING)
DATA CLEANING;FORECASTING
DATA CLEANING;MODELLING (CALIBRATION)
DATA CLEANING;MODELLING (HYDRODYNAMICS)
DATA CLEANING;MODELLING (HYDROLOGICAL)
DATA CLEANING;MODELLING (MATHEMATICAL)
DATA CLEANING;MODELLING (PREDICTIVE)
DATA CLEANING;MONITORING (HYDROLOGY)
DATA CLEANING;NATURAL RESOURCE MANAGEMENT
DATA CLEANING;OPERATIONAL RESEARCH
DATA CLEANING;SIMULATION
DATA CLEANING;SIMULATION (WATER FLOW)
DATA CLEANING;SOFTWARE ENGINEERING
DATA CLEANING;WATER MANAGEMENT
DATA CLEANING;WATER POLICY
DATA COLLECTION;DATA CONSERVATION
DATA COLLECTION;DATA MANAGEMENT
DATA COLLECTION;DATA PREPROCESSING
DATA COLLECTION;DATA PROCESSING
DATA COLLECTION;EXPERTISE (ENGINEERING)
DATA COLLECTION;FORECASTING
DATA COLLECTION;MODELLING (CALIBRATION)
DATA COLLECTION;MODELLING (HYDRODYNAMICS)
DATA COLLECTION;MODELLING (HYDROLOGICAL)
DATA COLLECTION;MODELLING (MATHEMATICAL)
DATA COLLECTION;MODELLING (PREDICTIVE)
DATA COLLECTION;MONITORING (HYDROLOGY)
DATA COLLECTION;NATURAL RESOURCE MANAGEMENT
DATA COLLECTION;OPERATIONAL RESEARCH
DATA COLLECTION;SIMULATION
DATA COLLECTION;SIMULATION (WATER FLOW)
DATA COLLECTION;SOFTWARE ENGINEERING
DATA COLLECTION;WATER MANAGEMENT
DATA COLLECTION;WATER POLICY
DATA CONSERVATION;DATA MANAGEMENT
DATA CONSERVATION;DATA PREPROCESSING
DATA CONSERVATION;DATA PROCESSING
DATA CONSERVATION;EXPERTISE (ENGINEERING)
DATA CONSERVATION;FORECASTING
DATA CONSERVATION;MODELLING (CALIBRATION)
DATA CONSERVATION;MODELLING (HYDRODYNAMICS)
DATA CONSERVATION;MODELLING (HYDROLOGICAL)
DATA CONSERVATION;MODELLING (MATHEMATICAL)
DATA CONSERVATION;MODELLING (PREDICTIVE)
DATA CONSERVATION;MONITORING (HYDROLOGY)
DATA CONSERVATION;NATURAL RESOURCE MANAGEMENT
DATA CONSERVATION;OPERATIONAL RESEARCH
DATA CONSERVATION;SIMULATION
DATA CONSERVATION;SIMULATION (WATER FLOW)
DATA CONSERVATION;SOFTWARE ENGINEERING
DATA CONSERVATION;WATER MANAGEMENT
DATA CONSERVATION;WATER POLICY
DATA MANAGEMENT;DATA PREPROCESSING
DATA MANAGEMENT;DATA PROCESSING
DATA MANAGEMENT;EXPERTISE (ENGINEERING)
DATA MANAGEMENT;FORECASTING
DATA MANAGEMENT;MODELLING (CALIBRATION)
DATA MANAGEMENT;MODELLING (HYDRODYNAMICS)
DATA MANAGEMENT;MODELLING (HYDROLOGICAL)
DATA MANAGEMENT;MODELLING (MATHEMATICAL)
DATA MANAGEMENT;MODELLING (PREDICTIVE)
DATA MANAGEMENT;MONITORING (HYDROLOGY)
DATA MANAGEMENT;NATURAL RESOURCE MANAGEMENT
DATA MANAGEMENT;OPERATIONAL RESEARCH
DATA MANAGEMENT;SIMULATION
DATA MANAGEMENT;SIMULATION (WATER FLOW)
DATA MANAGEMENT;SOFTWARE ENGINEERING
DATA MANAGEMENT;WATER MANAGEMENT
DATA MANAGEMENT;WATER POLICY
DATA PREPROCESSING;DATA PROCESSING
DATA PREPROCESSING;EXPERTISE (ENGINEERING)
DATA PREPROCESSING;FORECASTING
DATA PREPROCESSING;MODELLING (CALIBRATION)
DATA PREPROCESSING;MODELLING (HYDRODYNAMICS)
DATA PREPROCESSING;MODELLING (HYDROLOGICAL)
DATA PREPROCESSING;MODELLING (MATHEMATICAL)
DATA PREPROCESSING;MODELLING (PREDICTIVE)
DATA PREPROCESSING;MONITORING (HYDROLOGY)
DATA PREPROCESSING;NATURAL RESOURCE MANAGEMENT
DATA PREPROCESSING;OPERATIONAL RESEARCH
DATA PREPROCESSING;SIMULATION
DATA PREPROCESSING;SIMULATION (WATER FLOW)
DATA PREPROCESSING;SOFTWARE ENGINEERING
DATA PREPROCESSING;WATER MANAGEMENT
DATA PREPROCESSING;WATER POLICY
DATA PROCESSING;EXPERTISE (ENGINEERING)
DATA PROCESSING;FORECASTING
DATA PROCESSING;MODELLING (CALIBRATION)
DATA PROCESSING;MODELLING (HYDRODYNAMICS)
DATA PROCESSING;MODELLING (HYDROLOGICAL)
DATA PROCESSING;MODELLING (MATHEMATICAL)
DATA PROCESSING;MODELLING (PREDICTIVE)
DATA PROCESSING;MONITORING (HYDROLOGY)
DATA PROCESSING;NATURAL RESOURCE MANAGEMENT
DATA PROCESSING;OPERATIONAL RESEARCH
DATA PROCESSING;SIMULATION
DATA PROCESSING;SIMULATION (WATER FLOW)
DATA PROCESSING;SOFTWARE ENGINEERING
DATA PROCESSING;WATER MANAGEMENT
DATA PROCESSING;WATER POLICY
EXPERTISE (ENGINEERING);FORECASTING
EXPERTISE (ENGINEERING);MODELLING (CALIBRATION)
EXPERTISE (ENGINEERING);MODELLING (HYDRODYNAMICS)
EXPERTISE (ENGINEERING);MODELLING (HYDROLOGICAL)
EXPERTISE (ENGINEERING);MODELLING (MATHEMATICAL)
EXPERTISE (ENGINEERING);MODELLING (PREDICTIVE)
EXPERTISE (ENGINEERING);MONITORING (HYDROLOGY)
EXPERTISE (ENGINEERING);NATURAL RESOURCE MANAGEMENT
EXPERTISE (ENGINEERING);OPERATIONAL RESEARCH
EXPERTISE (ENGINEERING);SIMULATION
EXPERTISE (ENGINEERING);SIMULATION (WATER FLOW)
EXPERTISE (ENGINEERING);SOFTWARE ENGINEERING
EXPERTISE (ENGINEERING);WATER MANAGEMENT
EXPERTISE (ENGINEERING);WATER POLICY
FORECASTING;MODELLING (CALIBRATION)
FORECASTING;MODELLING (HYDRODYNAMICS)
FORECASTING;MODELLING (HYDROLOGICAL)
FORECASTING;MODELLING (MATHEMATICAL)
FORECASTING;MODELLING (PREDICTIVE)
FORECASTING;MONITORING (HYDROLOGY)
FORECASTING;NATURAL RESOURCE MANAGEMENT
FORECASTING;OPERATIONAL RESEARCH
FORECASTING;SIMULATION
FORECASTING;SIMULATION (WATER FLOW)
FORECASTING;SOFTWARE ENGINEERING
FORECASTING;WATER MANAGEMENT
FORECASTING;WATER POLICY
MODELLING (CALIBRATION);MODELLING (HYDRODYNAMICS)
MODELLING (CALIBRATION);MODELLING (HYDROLOGICAL)
MODELLING (CALIBRATION);MODELLING (MATHEMATICAL)
MODELLING (CALIBRATION);MODELLING (PREDICTIVE)
MODELLING (CALIBRATION);MONITORING (HYDROLOGY)
MODELLING (CALIBRATION);NATURAL RESOURCE MANAGEMENT
MODELLING (CALIBRATION);OPERATIONAL RESEARCH
MODELLING (CALIBRATION);SIMULATION
MODELLING (CALIBRATION);SIMULATION (WATER FLOW)
MODELLING (CALIBRATION);SOFTWARE ENGINEERING
MODELLING (CALIBRATION);WATER MANAGEMENT
MODELLING (CALIBRATION);WATER POLICY
MODELLING (HYDRODYNAMICS);MODELLING (HYDROLOGICAL)
MODELLING (HYDRODYNAMICS);MODELLING (MATHEMATICAL)
MODELLING (HYDRODYNAMICS);MODELLING (PREDICTIVE)
MODELLING (HYDRODYNAMICS);MONITORING (HYDROLOGY)
MODELLING (HYDRODYNAMICS);NATURAL RESOURCE MANAGEMENT
MODELLING (HYDRODYNAMICS);OPERATIONAL RESEARCH
MODELLING (HYDRODYNAMICS);SIMULATION
MODELLING (HYDRODYNAMICS);SIMULATION (WATER FLOW)
MODELLING (HYDRODYNAMICS);SOFTWARE ENGINEERING
MODELLING (HYDRODYNAMICS);WATER MANAGEMENT
MODELLING (HYDRODYNAMICS);WATER POLICY
MODELLING (HYDROLOGICAL);MODELLING (MATHEMATICAL)
MODELLING (HYDROLOGICAL);MODELLING (PREDICTIVE)
MODELLING (HYDROLOGICAL);MONITORING (HYDROLOGY)
MODELLING (HYDROLOGICAL);NATURAL RESOURCE MANAGEMENT
MODELLING (HYDROLOGICAL);OPERATIONAL RESEARCH
MODELLING (HYDROLOGICAL);SIMULATION
MODELLING (HYDROLOGICAL);SIMULATION (WATER FLOW)
MODELLING (HYDROLOGICAL);SOFTWARE ENGINEERING
MODELLING (HYDROLOGICAL);WATER MANAGEMENT
MODELLING (HYDROLOGICAL);WATER POLICY
MODELLING (MATHEMATICAL);MODELLING (PREDICTIVE)
MODELLING (MATHEMATICAL);MONITORING (HYDROLOGY)
MODELLING (MATHEMATICAL);NATURAL RESOURCE MANAGEMENT
MODELLING (MATHEMATICAL);OPERATIONAL RESEARCH
MODELLING (MATHEMATICAL);SIMULATION
MODELLING (MATHEMATICAL);SIMULATION (WATER FLOW)
MODELLING (MATHEMATICAL);SOFTWARE ENGINEERING
MODELLING (MATHEMATICAL);WATER MANAGEMENT
MODELLING (MATHEMATICAL);WATER POLICY
MODELLING (PREDICTIVE);MONITORING (HYDROLOGY)
MODELLING (PREDICTIVE);NATURAL RESOURCE MANAGEMENT
MODELLING (PREDICTIVE);OPERATIONAL RESEARCH
MODELLING (PREDICTIVE);SIMULATION
MODELLING (PREDICTIVE);SIMULATION (WATER FLOW)
MODELLING (PREDICTIVE);SOFTWARE ENGINEERING
MODELLING (PREDICTIVE);WATER MANAGEMENT
MODELLING (PREDICTIVE);WATER POLICY
MONITORING (HYDROLOGY);NATURAL RESOURCE MANAGEMENT
MONITORING (HYDROLOGY);OPERATIONAL RESEARCH
MONITORING (HYDROLOGY);SIMULATION
MONITORING (HYDROLOGY);SIMULATION (WATER FLOW)
MONITORING (HYDROLOGY);SOFTWARE ENGINEERING
MONITORING (HYDROLOGY);WATER MANAGEMENT
MONITORING (HYDROLOGY);WATER POLICY
NATURAL RESOURCE MANAGEMENT;OPERATIONAL RESEARCH
NATURAL RESOURCE MANAGEMENT;SIMULATION
NATURAL RESOURCE MANAGEMENT;SIMULATION (WATER FLOW)
NATURAL RESOURCE MANAGEMENT;SOFTWARE ENGINEERING
NATURAL RESOURCE MANAGEMENT;WATER MANAGEMENT
NATURAL RESOURCE MANAGEMENT;WATER POLICY
OPERATIONAL RESEARCH;SIMULATION
OPERATIONAL RESEARCH;SIMULATION (WATER FLOW)
OPERATIONAL RESEARCH;SOFTWARE ENGINEERING
OPERATIONAL RESEARCH;WATER MANAGEMENT
OPERATIONAL RESEARCH;WATER POLICY
SIMULATION;SIMULATION (WATER FLOW)
SIMULATION;SOFTWARE ENGINEERING
SIMULATION;WATER MANAGEMENT
SIMULATION;WATER POLICY
SIMULATION (WATER FLOW);SOFTWARE ENGINEERING
SIMULATION (WATER FLOW);WATER MANAGEMENT
SIMULATION (WATER FLOW);WATER POLICY
SOFTWARE ENGINEERING;WATER MANAGEMENT
SOFTWARE ENGINEERING;WATER POLICY
WATER MANAGEMENT;WATER POLICY
ADAPTIVE MANAGEMENT;CAPACITY BUILDING
ADAPTIVE MANAGEMENT;INTEGRATIVE APPROACH
ADAPTIVE MANAGEMENT;KNOWLEDGE REPRESENTATION
ADAPTIVE MANAGEMENT;MODEL COUPLING
ADAPTIVE MANAGEMENT;MODELLING (BAYESIAN)
ADAPTIVE MANAGEMENT;MODELLING (COMPANION)
ADAPTIVE MANAGEMENT;MODELLING (COMPLEX SYSTEM)
ADAPTIVE MANAGEMENT;MODELLING (HUMAN-IN-THE-LOOP)
ADAPTIVE MANAGEMENT;MULTI-SCALE (SPATIAL)
ADAPTIVE MANAGEMENT;NATURAL RESOURCE MANAGEMENT
ADAPTIVE MANAGEMENT;OPEN SOURCE
ADAPTIVE MANAGEMENT;PARTICIPATORY MAPPING
ADAPTIVE MANAGEMENT;SIMULATION
ADAPTIVE MANAGEMENT;SOCIO-ECOLOGICAL SCENARIO
ADAPTIVE MANAGEMENT;SOFTWARE ENGINEERING
ADAPTIVE MANAGEMENT;SPATIAL ANALYSIS
ADAPTIVE MANAGEMENT;SYSTEMS THINKING (SYSTEMIC APPROACH)
ADAPTIVE MANAGEMENT;TRAINING (FR: FORMATION)
CAPACITY BUILDING;INTEGRATIVE APPROACH
CAPACITY BUILDING;KNOWLEDGE REPRESENTATION
CAPACITY BUILDING;MODEL COUPLING
CAPACITY BUILDING;MODELLING (BAYESIAN)
CAPACITY BUILDING;MODELLING (COMPANION)
CAPACITY BUILDING;MODELLING (COMPLEX SYSTEM)
CAPACITY BUILDING;MODELLING (HUMAN-IN-THE-LOOP)
CAPACITY BUILDING;MULTI-SCALE (SPATIAL)
CAPACITY BUILDING;NATURAL RESOURCE MANAGEMENT
CAPACITY BUILDING;OPEN SOURCE
CAPACITY BUILDING;PARTICIPATORY MAPPING
CAPACITY BUILDING;SIMULATION
CAPACITY BUILDING;SOCIO-ECOLOGICAL SCENARIO
CAPACITY BUILDING;SOFTWARE ENGINEERING
CAPACITY BUILDING;SPATIAL ANALYSIS
CAPACITY BUILDING;SYSTEMS THINKING (SYSTEMIC APPROACH)
CAPACITY BUILDING;TRAINING (FR: FORMATION)
INTEGRATIVE APPROACH;KNOWLEDGE REPRESENTATION
INTEGRATIVE APPROACH;MODEL COUPLING
INTEGRATIVE APPROACH;MODELLING (BAYESIAN)
INTEGRATIVE APPROACH;MODELLING (COMPANION)
INTEGRATIVE APPROACH;MODELLING (COMPLEX SYSTEM)
INTEGRATIVE APPROACH;MODELLING (HUMAN-IN-THE-LOOP)
INTEGRATIVE APPROACH;MULTI-SCALE (SPATIAL)
INTEGRATIVE APPROACH;NATURAL RESOURCE MANAGEMENT
INTEGRATIVE APPROACH;OPEN SOURCE
INTEGRATIVE APPROACH;PARTICIPATORY MAPPING
INTEGRATIVE APPROACH;SIMULATION
INTEGRATIVE APPROACH;SOCIO-ECOLOGICAL SCENARIO
INTEGRATIVE APPROACH;SOFTWARE ENGINEERING
INTEGRATIVE APPROACH;SPATIAL ANALYSIS
INTEGRATIVE APPROACH;SYSTEMS THINKING (SYSTEMIC APPROACH)
INTEGRATIVE APPROACH;TRAINING (FR: FORMATION)
KNOWLEDGE REPRESENTATION;MODEL COUPLING
KNOWLEDGE REPRESENTATION;MODELLING (BAYESIAN)
KNOWLEDGE REPRESENTATION;MODELLING (COMPANION)
KNOWLEDGE REPRESENTATION;MODELLING (COMPLEX SYSTEM)
KNOWLEDGE REPRESENTATION;MODELLING (HUMAN-IN-THE-LOOP)
KNOWLEDGE REPRESENTATION;MULTI-SCALE (SPATIAL)
KNOWLEDGE REPRESENTATION;NATURAL RESOURCE MANAGEMENT
KNOWLEDGE REPRESENTATION;OPEN SOURCE
KNOWLEDGE REPRESENTATION;PARTICIPATORY MAPPING
KNOWLEDGE REPRESENTATION;SIMULATION
KNOWLEDGE REPRESENTATION;SOCIO-ECOLOGICAL SCENARIO
KNOWLEDGE REPRESENTATION;SOFTWARE ENGINEERING
KNOWLEDGE REPRESENTATION;SPATIAL ANALYSIS
KNOWLEDGE REPRESENTATION;SYSTEMS THINKING (SYSTEMIC APPROACH)
KNOWLEDGE REPRESENTATION;TRAINING (FR: FORMATION)
MODEL COUPLING;MODELLING (BAYESIAN)
MODEL COUPLING;MODELLING (COMPANION)
MODEL COUPLING;MODELLING (COMPLEX SYSTEM)
MODEL COUPLING;MODELLING (HUMAN-IN-THE-LOOP)
MODEL COUPLING;MULTI-SCALE (SPATIAL)
MODEL COUPLING;NATURAL RESOURCE MANAGEMENT
MODEL COUPLING;OPEN SOURCE
MODEL COUPLING;PARTICIPATORY MAPPING
MODEL COUPLING;SIMULATION
MODEL COUPLING;SOCIO-ECOLOGICAL SCENARIO
MODEL COUPLING;SOFTWARE ENGINEERING
MODEL COUPLING;SPATIAL ANALYSIS
MODEL COUPLING;SYSTEMS THINKING (SYSTEMIC APPROACH)
MODEL COUPLING;TRAINING (FR: FORMATION)
MODELLING (BAYESIAN);MODELLING (COMPANION)
MODELLING (BAYESIAN);MODELLING (COMPLEX SYSTEM)
MODELLING (BAYESIAN);MODELLING (HUMAN-IN-THE-LOOP)
MODELLING (BAYESIAN);MULTI-SCALE (SPATIAL)
MODELLING (BAYESIAN);NATURAL RESOURCE MANAGEMENT
MODELLING (BAYESIAN);OPEN SOURCE
MODELLING (BAYESIAN);PARTICIPATORY MAPPING
MODELLING (BAYESIAN);SIMULATION
MODELLING (BAYESIAN);SOCIO-ECOLOGICAL SCENARIO
MODELLING (BAYESIAN);SOFTWARE ENGINEERING
MODELLING (BAYESIAN);SPATIAL ANALYSIS
MODELLING (BAYESIAN);SYSTEMS THINKING (SYSTEMIC APPROACH)
MODELLING (BAYESIAN);TRAINING (FR: FORMATION)
MODELLING (COMPANION);MODELLING (COMPLEX SYSTEM)
MODELLING (COMPANION);MODELLING (HUMAN-IN-THE-LOOP)
MODELLING (COMPANION);MULTI-SCALE (SPATIAL)
MODELLING (COMPANION);NATURAL RESOURCE MANAGEMENT
MODELLING (COMPANION);OPEN SOURCE
MODELLING (COMPANION);PARTICIPATORY MAPPING
MODELLING (COMPANION);SIMULATION
MODELLING (COMPANION);SOCIO-ECOLOGICAL SCENARIO
MODELLING (COMPANION);SOFTWARE ENGINEERING
MODELLING (COMPANION);SPATIAL ANALYSIS
MODELLING (COMPANION);SYSTEMS THINKING (SYSTEMIC APPROACH)
MODELLING (COMPANION);TRAINING (FR: FORMATION)
MODELLING (COMPLEX SYSTEM);MODELLING (HUMAN-IN-THE-LOOP)
MODELLING (COMPLEX SYSTEM);MULTI-SCALE (SPATIAL)
MODELLING (COMPLEX SYSTEM);NATURAL RESOURCE MANAGEMENT
MODELLING (COMPLEX SYSTEM);OPEN SOURCE
MODELLING (COMPLEX SYSTEM);PARTICIPATORY MAPPING
MODELLING (COMPLEX SYSTEM);SIMULATION
MODELLING (COMPLEX SYSTEM);SOCIO-ECOLOGICAL SCENARIO
MODELLING (COMPLEX SYSTEM);SOFTWARE ENGINEERING
MODELLING (COMPLEX SYSTEM);SPATIAL ANALYSIS
MODELLING (COMPLEX SYSTEM);SYSTEMS THINKING (SYSTEMIC APPROACH)
MODELLING (COMPLEX SYSTEM);TRAINING (FR: FORMATION)
MODELLING (HUMAN-IN-THE-LOOP);MULTI-SCALE (SPATIAL)
MODELLING (HUMAN-IN-THE-LOOP);NATURAL RESOURCE MANAGEMENT
MODELLING (HUMAN-IN-THE-LOOP);OPEN SOURCE
MODELLING (HUMAN-IN-THE-LOOP);PARTICIPATORY MAPPING
MODELLING (HUMAN-IN-THE-LOOP);SIMULATION
MODELLING (HUMAN-IN-THE-LOOP);SOCIO-ECOLOGICAL SCENARIO
MODELLING (HUMAN-IN-THE-LOOP);SOFTWARE ENGINEERING
MODELLING (HUMAN-IN-THE-LOOP);SPATIAL ANALYSIS
MODELLING (HUMAN-IN-THE-LOOP);SYSTEMS THINKING (SYSTEMIC APPROACH)
MODELLING (HUMAN-IN-THE-LOOP);TRAINING (FR: FORMATION)
MULTI-SCALE (SPATIAL);NATURAL RESOURCE MANAGEMENT
MULTI-SCALE (SPATIAL);OPEN SOURCE
MULTI-SCALE (SPATIAL);PARTICIPATORY MAPPING
MULTI-SCALE (SPATIAL);SIMULATION
MULTI-SCALE (SPATIAL);SOCIO-ECOLOGICAL SCENARIO
MULTI-SCALE (SPATIAL);SOFTWARE ENGINEERING
MULTI-SCALE (SPATIAL);SPATIAL ANALYSIS
MULTI-SCALE (SPATIAL);SYSTEMS THINKING (SYSTEMIC APPROACH)
MULTI-SCALE (SPATIAL);TRAINING (FR: FORMATION)
NATURAL RESOURCE MANAGEMENT;OPEN SOURCE
NATURAL RESOURCE MANAGEMENT;PARTICIPATORY MAPPING
NATURAL RESOURCE MANAGEMENT;SIMULATION
NATURAL RESOURCE MANAGEMENT;SOCIO-ECOLOGICAL SCENARIO
NATURAL RESOURCE MANAGEMENT;SOFTWARE ENGINEERING
NATURAL RESOURCE MANAGEMENT;SPATIAL ANALYSIS
NATURAL RESOURCE MANAGEMENT;SYSTEMS THINKING (SYSTEMIC APPROACH)
NATURAL RESOURCE MANAGEMENT;TRAINING (FR: FORMATION)
OPEN SOURCE;PARTICIPATORY MAPPING
OPEN SOURCE;SIMULATION
OPEN SOURCE;SOCIO-ECOLOGICAL SCENARIO
OPEN SOURCE;SOFTWARE ENGINEERING
OPEN SOURCE;SPATIAL ANALYSIS
OPEN SOURCE;SYSTEMS THINKING (SYSTEMIC APPROACH)
OPEN SOURCE;TRAINING (FR: FORMATION)
PARTICIPATORY MAPPING;SIMULATION
PARTICIPATORY MAPPING;SOCIO-ECOLOGICAL SCENARIO
PARTICIPATORY MAPPING;SOFTWARE ENGINEERING
PARTICIPATORY MAPPING;SPATIAL ANALYSIS
PARTICIPATORY MAPPING;SYSTEMS THINKING (SYSTEMIC APPROACH)
PARTICIPATORY MAPPING;TRAINING (FR: FORMATION)
SIMULATION;SOCIO-ECOLOGICAL SCENARIO
SIMULATION;SOFTWARE ENGINEERING
SIMULATION;SPATIAL ANALYSIS
SIMULATION;SYSTEMS THINKING (SYSTEMIC APPROACH)
SIMULATION;TRAINING (FR: FORMATION)
SOCIO-ECOLOGICAL SCENARIO;SOFTWARE ENGINEERING
SOCIO-ECOLOGICAL SCENARIO;SPATIAL ANALYSIS
SOCIO-ECOLOGICAL SCENARIO;SYSTEMS THINKING (SYSTEMIC APPROACH)
SOCIO-ECOLOGICAL SCENARIO;TRAINING (FR: FORMATION)
SOFTWARE ENGINEERING;SPATIAL ANALYSIS
SOFTWARE ENGINEERING;SYSTEMS THINKING (SYSTEMIC APPROACH)
SOFTWARE ENGINEERING;TRAINING (FR: FORMATION)
SPATIAL ANALYSIS;SYSTEMS THINKING (SYSTEMIC APPROACH)
SPATIAL ANALYSIS;TRAINING (FR: FORMATION)
SYSTEMS THINKING (SYSTEMIC APPROACH);TRAINING (FR: FORMATION)
