BIOMASS (OCEAN);ECOLOGY (MARINE)
BIOMASS (OCEAN);ECOSYSTEM (MARINE)
BIOMASS (OCEAN);ENVIRONMENT (MARINE)
BIOMASS (OCEAN);OCEAN WATER COLOUR
BIOMASS (OCEAN);OCEANOGRAPHY (BIOLOGICAL)
BIOMASS (OCEAN);SDG 14 (SUST. DEVEL. GOAL - OCEANS)
BIOMASS (OCEAN);SOUTH WESTERN TROPICAL PACIFIC OCEAN
BIOMASS (OCEAN);UMR MIO (MEDITER. INST. OCEANOGR.)
ECOLOGY (MARINE);ECOSYSTEM (MARINE)
ECOLOGY (MARINE);ENVIRONMENT (MARINE)
ECOLOGY (MARINE);OCEAN WATER COLOUR
ECOLOGY (MARINE);OCEANOGRAPHY (BIOLOGICAL)
ECOLOGY (MARINE);SDG 14 (SUST. DEVEL. GOAL - OCEANS)
ECOLOGY (MARINE);SOUTH WESTERN TROPICAL PACIFIC OCEAN
ECOLOGY (MARINE);UMR MIO (MEDITER. INST. OCEANOGR.)
ECOSYSTEM (MARINE);ENVIRONMENT (MARINE)
ECOSYSTEM (MARINE);OCEAN WATER COLOUR
ECOSYSTEM (MARINE);OCEANOGRAPHY (BIOLOGICAL)
ECOSYSTEM (MARINE);SDG 14 (SUST. DEVEL. GOAL - OCEANS)
ECOSYSTEM (MARINE);SOUTH WESTERN TROPICAL PACIFIC OCEAN
ECOSYSTEM (MARINE);UMR MIO (MEDITER. INST. OCEANOGR.)
ENVIRONMENT (MARINE);OCEAN WATER COLOUR
ENVIRONMENT (MARINE);OCEANOGRAPHY (BIOLOGICAL)
ENVIRONMENT (MARINE);SDG 14 (SUST. DEVEL. GOAL - OCEANS)
ENVIRONMENT (MARINE);SOUTH WESTERN TROPICAL PACIFIC OCEAN
ENVIRONMENT (MARINE);UMR MIO (MEDITER. INST. OCEANOGR.)
OCEAN WATER COLOUR;OCEANOGRAPHY (BIOLOGICAL)
OCEAN WATER COLOUR;SDG 14 (SUST. DEVEL. GOAL - OCEANS)
OCEAN WATER COLOUR;SOUTH WESTERN TROPICAL PACIFIC OCEAN
OCEAN WATER COLOUR;UMR MIO (MEDITER. INST. OCEANOGR.)
OCEANOGRAPHY (BIOLOGICAL);SDG 14 (SUST. DEVEL. GOAL - OCEANS)
OCEANOGRAPHY (BIOLOGICAL);SOUTH WESTERN TROPICAL PACIFIC OCEAN
OCEANOGRAPHY (BIOLOGICAL);UMR MIO (MEDITER. INST. OCEANOGR.)
SDG 14 (SUST. DEVEL. GOAL - OCEANS);SOUTH WESTERN TROPICAL PACIFIC OCEAN
SDG 14 (SUST. DEVEL. GOAL - OCEANS);UMR MIO (MEDITER. INST. OCEANOGR.)
SOUTH WESTERN TROPICAL PACIFIC OCEAN;UMR MIO (MEDITER. INST. OCEANOGR.)
ATLANTIC OCEAN (INTERTROPICAL);BIODIVERSITY (MARINE)
ATLANTIC OCEAN (INTERTROPICAL);BIOLOGY (MARINE)
ATLANTIC OCEAN (INTERTROPICAL);BIOMASS (OCEAN)
ATLANTIC OCEAN (INTERTROPICAL);CENTRAL EAST ATLANTIC OCEAN
ATLANTIC OCEAN (INTERTROPICAL);ECOLOGY (MARINE)
ATLANTIC OCEAN (INTERTROPICAL);ECOSYSTEM (MARINE)
ATLANTIC OCEAN (INTERTROPICAL);ENVIRONMENT (MARINE)
ATLANTIC OCEAN (INTERTROPICAL);HABITAT (MARINE)
ATLANTIC OCEAN (INTERTROPICAL);INDIAN OCEAN
ATLANTIC OCEAN (INTERTROPICAL);SDG 14 (SUST. DEVEL. GOAL - OCEANS)
ATLANTIC OCEAN (INTERTROPICAL);SOUTH WESTERN INDIAN OCEAN
ATLANTIC OCEAN (INTERTROPICAL);UMR MARBEC (MAR. BIODIV. EXPLOIT. CONSERV.)
BIODIVERSITY (MARINE);BIOLOGY (MARINE)
BIODIVERSITY (MARINE);BIOMASS (OCEAN)
BIODIVERSITY (MARINE);CENTRAL EAST ATLANTIC OCEAN
BIODIVERSITY (MARINE);ECOLOGY (MARINE)
BIODIVERSITY (MARINE);ECOSYSTEM (MARINE)
BIODIVERSITY (MARINE);ENVIRONMENT (MARINE)
BIODIVERSITY (MARINE);HABITAT (MARINE)
BIODIVERSITY (MARINE);INDIAN OCEAN
BIODIVERSITY (MARINE);SDG 14 (SUST. DEVEL. GOAL - OCEANS)
BIODIVERSITY (MARINE);SOUTH WESTERN INDIAN OCEAN
BIODIVERSITY (MARINE);UMR MARBEC (MAR. BIODIV. EXPLOIT. CONSERV.)
BIOLOGY (MARINE);BIOMASS (OCEAN)
BIOLOGY (MARINE);CENTRAL EAST ATLANTIC OCEAN
BIOLOGY (MARINE);ECOLOGY (MARINE)
BIOLOGY (MARINE);ECOSYSTEM (MARINE)
BIOLOGY (MARINE);ENVIRONMENT (MARINE)
BIOLOGY (MARINE);HABITAT (MARINE)
BIOLOGY (MARINE);INDIAN OCEAN
BIOLOGY (MARINE);SDG 14 (SUST. DEVEL. GOAL - OCEANS)
BIOLOGY (MARINE);SOUTH WESTERN INDIAN OCEAN
BIOLOGY (MARINE);UMR MARBEC (MAR. BIODIV. EXPLOIT. CONSERV.)
BIOMASS (OCEAN);CENTRAL EAST ATLANTIC OCEAN
BIOMASS (OCEAN);ECOLOGY (MARINE)
BIOMASS (OCEAN);ECOSYSTEM (MARINE)
BIOMASS (OCEAN);ENVIRONMENT (MARINE)
BIOMASS (OCEAN);HABITAT (MARINE)
BIOMASS (OCEAN);INDIAN OCEAN
BIOMASS (OCEAN);SDG 14 (SUST. DEVEL. GOAL - OCEANS)
BIOMASS (OCEAN);SOUTH WESTERN INDIAN OCEAN
BIOMASS (OCEAN);UMR MARBEC (MAR. BIODIV. EXPLOIT. CONSERV.)
CENTRAL EAST ATLANTIC OCEAN;ECOLOGY (MARINE)
CENTRAL EAST ATLANTIC OCEAN;ECOSYSTEM (MARINE)
CENTRAL EAST ATLANTIC OCEAN;ENVIRONMENT (MARINE)
CENTRAL EAST ATLANTIC OCEAN;HABITAT (MARINE)
CENTRAL EAST ATLANTIC OCEAN;INDIAN OCEAN
CENTRAL EAST ATLANTIC OCEAN;SDG 14 (SUST. DEVEL. GOAL - OCEANS)
CENTRAL EAST ATLANTIC OCEAN;SOUTH WESTERN INDIAN OCEAN
CENTRAL EAST ATLANTIC OCEAN;UMR MARBEC (MAR. BIODIV. EXPLOIT. CONSERV.)
ECOLOGY (MARINE);ECOSYSTEM (MARINE)
ECOLOGY (MARINE);ENVIRONMENT (MARINE)
ECOLOGY (MARINE);HABITAT (MARINE)
ECOLOGY (MARINE);INDIAN OCEAN
ECOLOGY (MARINE);SDG 14 (SUST. DEVEL. GOAL - OCEANS)
ECOLOGY (MARINE);SOUTH WESTERN INDIAN OCEAN
ECOLOGY (MARINE);UMR MARBEC (MAR. BIODIV. EXPLOIT. CONSERV.)
ECOSYSTEM (MARINE);ENVIRONMENT (MARINE)
ECOSYSTEM (MARINE);HABITAT (MARINE)
ECOSYSTEM (MARINE);INDIAN OCEAN
ECOSYSTEM (MARINE);SDG 14 (SUST. DEVEL. GOAL - OCEANS)
ECOSYSTEM (MARINE);SOUTH WESTERN INDIAN OCEAN
ECOSYSTEM (MARINE);UMR MARBEC (MAR. BIODIV. EXPLOIT. CONSERV.)
ENVIRONMENT (MARINE);HABITAT (MARINE)
ENVIRONMENT (MARINE);INDIAN OCEAN
ENVIRONMENT (MARINE);SDG 14 (SUST. DEVEL. GOAL - OCEANS)
ENVIRONMENT (MARINE);SOUTH WESTERN INDIAN OCEAN
ENVIRONMENT (MARINE);UMR MARBEC (MAR. BIODIV. EXPLOIT. CONSERV.)
HABITAT (MARINE);INDIAN OCEAN
HABITAT (MARINE);SDG 14 (SUST. DEVEL. GOAL - OCEANS)
HABITAT (MARINE);SOUTH WESTERN INDIAN OCEAN
HABITAT (MARINE);UMR MARBEC (MAR. BIODIV. EXPLOIT. CONSERV.)
INDIAN OCEAN;SDG 14 (SUST. DEVEL. GOAL - OCEANS)
INDIAN OCEAN;SOUTH WESTERN INDIAN OCEAN
INDIAN OCEAN;UMR MARBEC (MAR. BIODIV. EXPLOIT. CONSERV.)
SDG 14 (SUST. DEVEL. GOAL - OCEANS);SOUTH WESTERN INDIAN OCEAN
SDG 14 (SUST. DEVEL. GOAL - OCEANS);UMR MARBEC (MAR. BIODIV. EXPLOIT. CONSERV.)
SOUTH WESTERN INDIAN OCEAN;UMR MARBEC (MAR. BIODIV. EXPLOIT. CONSERV.)
ATLANTIC OCEAN;ECOLOGY (MARINE)
ATLANTIC OCEAN;ECOSYSTEM (MARINE)
ATLANTIC OCEAN;GLOBAL OCEAN
ATLANTIC OCEAN;INDIAN OCEAN
ATLANTIC OCEAN;SDG 14 (SUST. DEVEL. GOAL - OCEANS)
ATLANTIC OCEAN;UMR MARBEC (MAR. BIODIV. EXPLOIT. CONSERV.)
ECOLOGY (MARINE);ECOSYSTEM (MARINE)
ECOLOGY (MARINE);GLOBAL OCEAN
ECOLOGY (MARINE);INDIAN OCEAN
ECOLOGY (MARINE);SDG 14 (SUST. DEVEL. GOAL - OCEANS)
ECOLOGY (MARINE);UMR MARBEC (MAR. BIODIV. EXPLOIT. CONSERV.)
ECOSYSTEM (MARINE);GLOBAL OCEAN
ECOSYSTEM (MARINE);INDIAN OCEAN
ECOSYSTEM (MARINE);SDG 14 (SUST. DEVEL. GOAL - OCEANS)
ECOSYSTEM (MARINE);UMR MARBEC (MAR. BIODIV. EXPLOIT. CONSERV.)
GLOBAL OCEAN;INDIAN OCEAN
GLOBAL OCEAN;SDG 14 (SUST. DEVEL. GOAL - OCEANS)
GLOBAL OCEAN;UMR MARBEC (MAR. BIODIV. EXPLOIT. CONSERV.)
INDIAN OCEAN;SDG 14 (SUST. DEVEL. GOAL - OCEANS)
INDIAN OCEAN;UMR MARBEC (MAR. BIODIV. EXPLOIT. CONSERV.)
SDG 14 (SUST. DEVEL. GOAL - OCEANS);UMR MARBEC (MAR. BIODIV. EXPLOIT. CONSERV.)
ATLANTIC OCEAN (INTERTROPICAL);BIOLOGY (MARINE)
ATLANTIC OCEAN (INTERTROPICAL);BIOMASS (OCEAN)
ATLANTIC OCEAN (INTERTROPICAL);CENTRAL EAST ATLANTIC OCEAN
ATLANTIC OCEAN (INTERTROPICAL);DIEL MIGRATION (MAR. BIOL.)
ATLANTIC OCEAN (INTERTROPICAL);ECOLOGY (MARINE)
ATLANTIC OCEAN (INTERTROPICAL);ECOSYSTEM (MARINE)
ATLANTIC OCEAN (INTERTROPICAL);ENVIRONMENT (MARINE)
ATLANTIC OCEAN (INTERTROPICAL);HABITAT (MARINE)
ATLANTIC OCEAN (INTERTROPICAL);MARINE PROTECTED AREA (MPA)
ATLANTIC OCEAN (INTERTROPICAL);OCEANOGRAPHY (BIOLOGICAL)
ATLANTIC OCEAN (INTERTROPICAL);SDG 14 (SUST. DEVEL. GOAL - OCEANS)
ATLANTIC OCEAN (INTERTROPICAL);UMR LEMAR (MAR. ENVIRON. SCI. LAB.)
BIOLOGY (MARINE);BIOMASS (OCEAN)
BIOLOGY (MARINE);CENTRAL EAST ATLANTIC OCEAN
BIOLOGY (MARINE);DIEL MIGRATION (MAR. BIOL.)
BIOLOGY (MARINE);ECOLOGY (MARINE)
BIOLOGY (MARINE);ECOSYSTEM (MARINE)
BIOLOGY (MARINE);ENVIRONMENT (MARINE)
BIOLOGY (MARINE);HABITAT (MARINE)
BIOLOGY (MARINE);MARINE PROTECTED AREA (MPA)
BIOLOGY (MARINE);OCEANOGRAPHY (BIOLOGICAL)
BIOLOGY (MARINE);SDG 14 (SUST. DEVEL. GOAL - OCEANS)
BIOLOGY (MARINE);UMR LEMAR (MAR. ENVIRON. SCI. LAB.)
BIOMASS (OCEAN);CENTRAL EAST ATLANTIC OCEAN
BIOMASS (OCEAN);DIEL MIGRATION (MAR. BIOL.)
BIOMASS (OCEAN);ECOLOGY (MARINE)
BIOMASS (OCEAN);ECOSYSTEM (MARINE)
BIOMASS (OCEAN);ENVIRONMENT (MARINE)
BIOMASS (OCEAN);HABITAT (MARINE)
BIOMASS (OCEAN);MARINE PROTECTED AREA (MPA)
BIOMASS (OCEAN);OCEANOGRAPHY (BIOLOGICAL)
BIOMASS (OCEAN);SDG 14 (SUST. DEVEL. GOAL - OCEANS)
BIOMASS (OCEAN);UMR LEMAR (MAR. ENVIRON. SCI. LAB.)
CENTRAL EAST ATLANTIC OCEAN;DIEL MIGRATION (MAR. BIOL.)
CENTRAL EAST ATLANTIC OCEAN;ECOLOGY (MARINE)
CENTRAL EAST ATLANTIC OCEAN;ECOSYSTEM (MARINE)
CENTRAL EAST ATLANTIC OCEAN;ENVIRONMENT (MARINE)
CENTRAL EAST ATLANTIC OCEAN;HABITAT (MARINE)
CENTRAL EAST ATLANTIC OCEAN;MARINE PROTECTED AREA (MPA)
CENTRAL EAST ATLANTIC OCEAN;OCEANOGRAPHY (BIOLOGICAL)
CENTRAL EAST ATLANTIC OCEAN;SDG 14 (SUST. DEVEL. GOAL - OCEANS)
CENTRAL EAST ATLANTIC OCEAN;UMR LEMAR (MAR. ENVIRON. SCI. LAB.)
DIEL MIGRATION (MAR. BIOL.);ECOLOGY (MARINE)
DIEL MIGRATION (MAR. BIOL.);ECOSYSTEM (MARINE)
DIEL MIGRATION (MAR. BIOL.);ENVIRONMENT (MARINE)
DIEL MIGRATION (MAR. BIOL.);HABITAT (MARINE)
DIEL MIGRATION (MAR. BIOL.);MARINE PROTECTED AREA (MPA)
DIEL MIGRATION (MAR. BIOL.);OCEANOGRAPHY (BIOLOGICAL)
DIEL MIGRATION (MAR. BIOL.);SDG 14 (SUST. DEVEL. GOAL - OCEANS)
DIEL MIGRATION (MAR. BIOL.);UMR LEMAR (MAR. ENVIRON. SCI. LAB.)
ECOLOGY (MARINE);ECOSYSTEM (MARINE)
ECOLOGY (MARINE);ENVIRONMENT (MARINE)
ECOLOGY (MARINE);HABITAT (MARINE)
ECOLOGY (MARINE);MARINE PROTECTED AREA (MPA)
ECOLOGY (MARINE);OCEANOGRAPHY (BIOLOGICAL)
ECOLOGY (MARINE);SDG 14 (SUST. DEVEL. GOAL - OCEANS)
ECOLOGY (MARINE);UMR LEMAR (MAR. ENVIRON. SCI. LAB.)
ECOSYSTEM (MARINE);ENVIRONMENT (MARINE)
ECOSYSTEM (MARINE);HABITAT (MARINE)
ECOSYSTEM (MARINE);MARINE PROTECTED AREA (MPA)
ECOSYSTEM (MARINE);OCEANOGRAPHY (BIOLOGICAL)
ECOSYSTEM (MARINE);SDG 14 (SUST. DEVEL. GOAL - OCEANS)
ECOSYSTEM (MARINE);UMR LEMAR (MAR. ENVIRON. SCI. LAB.)
ENVIRONMENT (MARINE);HABITAT (MARINE)
ENVIRONMENT (MARINE);MARINE PROTECTED AREA (MPA)
ENVIRONMENT (MARINE);OCEANOGRAPHY (BIOLOGICAL)
ENVIRONMENT (MARINE);SDG 14 (SUST. DEVEL. GOAL - OCEANS)
ENVIRONMENT (MARINE);UMR LEMAR (MAR. ENVIRON. SCI. LAB.)
HABITAT (MARINE);MARINE PROTECTED AREA (MPA)
HABITAT (MARINE);OCEANOGRAPHY (BIOLOGICAL)
HABITAT (MARINE);SDG 14 (SUST. DEVEL. GOAL - OCEANS)
HABITAT (MARINE);UMR LEMAR (MAR. ENVIRON. SCI. LAB.)
MARINE PROTECTED AREA (MPA);OCEANOGRAPHY (BIOLOGICAL)
MARINE PROTECTED AREA (MPA);SDG 14 (SUST. DEVEL. GOAL - OCEANS)
MARINE PROTECTED AREA (MPA);UMR LEMAR (MAR. ENVIRON. SCI. LAB.)
OCEANOGRAPHY (BIOLOGICAL);SDG 14 (SUST. DEVEL. GOAL - OCEANS)
OCEANOGRAPHY (BIOLOGICAL);UMR LEMAR (MAR. ENVIRON. SCI. LAB.)
SDG 14 (SUST. DEVEL. GOAL - OCEANS);UMR LEMAR (MAR. ENVIRON. SCI. LAB.)
ATLANTIC OCEAN;ATLANTIC OCEAN (INTERTROPICAL)
ATLANTIC OCEAN;BIODIVERSITY (MARINE)
ATLANTIC OCEAN;DIEL MIGRATION (MAR. BIOL.)
ATLANTIC OCEAN;ECOLOGY (MARINE)
ATLANTIC OCEAN;ECOSYSTEM (MARINE)
ATLANTIC OCEAN;ENVIRONMENT (MARINE)
ATLANTIC OCEAN;INDIAN OCEAN
ATLANTIC OCEAN;MARINE PROTECTED AREA (MPA)
ATLANTIC OCEAN;MICRONEKTON (MARINE ORG.)
ATLANTIC OCEAN;NEKTON (MARINE ORG.)
ATLANTIC OCEAN;OCEANOGRAPHY
ATLANTIC OCEAN;OCEANOGRAPHY (BIOLOGICAL)
ATLANTIC OCEAN;PACIFIC OCEAN (INTER-TROPICAL)
ATLANTIC OCEAN;SDG 14 (SUST. DEVEL. GOAL - OCEANS)
ATLANTIC OCEAN;UMR LEMAR (MAR. ENVIRON. SCI. LAB.)
ATLANTIC OCEAN (INTERTROPICAL);BIODIVERSITY (MARINE)
ATLANTIC OCEAN (INTERTROPICAL);DIEL MIGRATION (MAR. BIOL.)
ATLANTIC OCEAN (INTERTROPICAL);ECOLOGY (MARINE)
ATLANTIC OCEAN (INTERTROPICAL);ECOSYSTEM (MARINE)
ATLANTIC OCEAN (INTERTROPICAL);ENVIRONMENT (MARINE)
ATLANTIC OCEAN (INTERTROPICAL);INDIAN OCEAN
ATLANTIC OCEAN (INTERTROPICAL);MARINE PROTECTED AREA (MPA)
ATLANTIC OCEAN (INTERTROPICAL);MICRONEKTON (MARINE ORG.)
ATLANTIC OCEAN (INTERTROPICAL);NEKTON (MARINE ORG.)
ATLANTIC OCEAN (INTERTROPICAL);OCEANOGRAPHY
ATLANTIC OCEAN (INTERTROPICAL);OCEANOGRAPHY (BIOLOGICAL)
ATLANTIC OCEAN (INTERTROPICAL);PACIFIC OCEAN (INTER-TROPICAL)
ATLANTIC OCEAN (INTERTROPICAL);SDG 14 (SUST. DEVEL. GOAL - OCEANS)
ATLANTIC OCEAN (INTERTROPICAL);UMR LEMAR (MAR. ENVIRON. SCI. LAB.)
BIODIVERSITY (MARINE);DIEL MIGRATION (MAR. BIOL.)
BIODIVERSITY (MARINE);ECOLOGY (MARINE)
BIODIVERSITY (MARINE);ECOSYSTEM (MARINE)
BIODIVERSITY (MARINE);ENVIRONMENT (MARINE)
BIODIVERSITY (MARINE);INDIAN OCEAN
BIODIVERSITY (MARINE);MARINE PROTECTED AREA (MPA)
BIODIVERSITY (MARINE);MICRONEKTON (MARINE ORG.)
BIODIVERSITY (MARINE);NEKTON (MARINE ORG.)
BIODIVERSITY (MARINE);OCEANOGRAPHY
BIODIVERSITY (MARINE);OCEANOGRAPHY (BIOLOGICAL)
BIODIVERSITY (MARINE);PACIFIC OCEAN (INTER-TROPICAL)
BIODIVERSITY (MARINE);SDG 14 (SUST. DEVEL. GOAL - OCEANS)
BIODIVERSITY (MARINE);UMR LEMAR (MAR. ENVIRON. SCI. LAB.)
DIEL MIGRATION (MAR. BIOL.);ECOLOGY (MARINE)
DIEL MIGRATION (MAR. BIOL.);ECOSYSTEM (MARINE)
DIEL MIGRATION (MAR. BIOL.);ENVIRONMENT (MARINE)
DIEL MIGRATION (MAR. BIOL.);INDIAN OCEAN
DIEL MIGRATION (MAR. BIOL.);MARINE PROTECTED AREA (MPA)
DIEL MIGRATION (MAR. BIOL.);MICRONEKTON (MARINE ORG.)
DIEL MIGRATION (MAR. BIOL.);NEKTON (MARINE ORG.)
DIEL MIGRATION (MAR. BIOL.);OCEANOGRAPHY
DIEL MIGRATION (MAR. BIOL.);OCEANOGRAPHY (BIOLOGICAL)
DIEL MIGRATION (MAR. BIOL.);PACIFIC OCEAN (INTER-TROPICAL)
DIEL MIGRATION (MAR. BIOL.);SDG 14 (SUST. DEVEL. GOAL - OCEANS)
DIEL MIGRATION (MAR. BIOL.);UMR LEMAR (MAR. ENVIRON. SCI. LAB.)
ECOLOGY (MARINE);ECOSYSTEM (MARINE)
ECOLOGY (MARINE);ENVIRONMENT (MARINE)
ECOLOGY (MARINE);INDIAN OCEAN
ECOLOGY (MARINE);MARINE PROTECTED AREA (MPA)
ECOLOGY (MARINE);MICRONEKTON (MARINE ORG.)
ECOLOGY (MARINE);NEKTON (MARINE ORG.)
ECOLOGY (MARINE);OCEANOGRAPHY
ECOLOGY (MARINE);OCEANOGRAPHY (BIOLOGICAL)
ECOLOGY (MARINE);PACIFIC OCEAN (INTER-TROPICAL)
ECOLOGY (MARINE);SDG 14 (SUST. DEVEL. GOAL - OCEANS)
ECOLOGY (MARINE);UMR LEMAR (MAR. ENVIRON. SCI. LAB.)
ECOSYSTEM (MARINE);ENVIRONMENT (MARINE)
ECOSYSTEM (MARINE);INDIAN OCEAN
ECOSYSTEM (MARINE);MARINE PROTECTED AREA (MPA)
ECOSYSTEM (MARINE);MICRONEKTON (MARINE ORG.)
ECOSYSTEM (MARINE);NEKTON (MARINE ORG.)
ECOSYSTEM (MARINE);OCEANOGRAPHY
ECOSYSTEM (MARINE);OCEANOGRAPHY (BIOLOGICAL)
ECOSYSTEM (MARINE);PACIFIC OCEAN (INTER-TROPICAL)
ECOSYSTEM (MARINE);SDG 14 (SUST. DEVEL. GOAL - OCEANS)
ECOSYSTEM (MARINE);UMR LEMAR (MAR. ENVIRON. SCI. LAB.)
ENVIRONMENT (MARINE);INDIAN OCEAN
ENVIRONMENT (MARINE);MARINE PROTECTED AREA (MPA)
ENVIRONMENT (MARINE);MICRONEKTON (MARINE ORG.)
ENVIRONMENT (MARINE);NEKTON (MARINE ORG.)
ENVIRONMENT (MARINE);OCEANOGRAPHY
ENVIRONMENT (MARINE);OCEANOGRAPHY (BIOLOGICAL)
ENVIRONMENT (MARINE);PACIFIC OCEAN (INTER-TROPICAL)
ENVIRONMENT (MARINE);SDG 14 (SUST. DEVEL. GOAL - OCEANS)
ENVIRONMENT (MARINE);UMR LEMAR (MAR. ENVIRON. SCI. LAB.)
INDIAN OCEAN;MARINE PROTECTED AREA (MPA)
INDIAN OCEAN;MICRONEKTON (MARINE ORG.)
INDIAN OCEAN;NEKTON (MARINE ORG.)
INDIAN OCEAN;OCEANOGRAPHY
INDIAN OCEAN;OCEANOGRAPHY (BIOLOGICAL)
INDIAN OCEAN;PACIFIC OCEAN (INTER-TROPICAL)
INDIAN OCEAN;SDG 14 (SUST. DEVEL. GOAL - OCEANS)
INDIAN OCEAN;UMR LEMAR (MAR. ENVIRON. SCI. LAB.)
MARINE PROTECTED AREA (MPA);MICRONEKTON (MARINE ORG.)
MARINE PROTECTED AREA (MPA);NEKTON (MARINE ORG.)
MARINE PROTECTED AREA (MPA);OCEANOGRAPHY
MARINE PROTECTED AREA (MPA);OCEANOGRAPHY (BIOLOGICAL)
MARINE PROTECTED AREA (MPA);PACIFIC OCEAN (INTER-TROPICAL)
MARINE PROTECTED AREA (MPA);SDG 14 (SUST. DEVEL. GOAL - OCEANS)
MARINE PROTECTED AREA (MPA);UMR LEMAR (MAR. ENVIRON. SCI. LAB.)
MICRONEKTON (MARINE ORG.);NEKTON (MARINE ORG.)
MICRONEKTON (MARINE ORG.);OCEANOGRAPHY
MICRONEKTON (MARINE ORG.);OCEANOGRAPHY (BIOLOGICAL)
MICRONEKTON (MARINE ORG.);PACIFIC OCEAN (INTER-TROPICAL)
MICRONEKTON (MARINE ORG.);SDG 14 (SUST. DEVEL. GOAL - OCEANS)
MICRONEKTON (MARINE ORG.);UMR LEMAR (MAR. ENVIRON. SCI. LAB.)
NEKTON (MARINE ORG.);OCEANOGRAPHY
NEKTON (MARINE ORG.);OCEANOGRAPHY (BIOLOGICAL)
NEKTON (MARINE ORG.);PACIFIC OCEAN (INTER-TROPICAL)
NEKTON (MARINE ORG.);SDG 14 (SUST. DEVEL. GOAL - OCEANS)
NEKTON (MARINE ORG.);UMR LEMAR (MAR. ENVIRON. SCI. LAB.)
OCEANOGRAPHY;OCEANOGRAPHY (BIOLOGICAL)
OCEANOGRAPHY;PACIFIC OCEAN (INTER-TROPICAL)
OCEANOGRAPHY;SDG 14 (SUST. DEVEL. GOAL - OCEANS)
OCEANOGRAPHY;UMR LEMAR (MAR. ENVIRON. SCI. LAB.)
OCEANOGRAPHY (BIOLOGICAL);PACIFIC OCEAN (INTER-TROPICAL)
OCEANOGRAPHY (BIOLOGICAL);SDG 14 (SUST. DEVEL. GOAL - OCEANS)
OCEANOGRAPHY (BIOLOGICAL);UMR LEMAR (MAR. ENVIRON. SCI. LAB.)
PACIFIC OCEAN (INTER-TROPICAL);SDG 14 (SUST. DEVEL. GOAL - OCEANS)
PACIFIC OCEAN (INTER-TROPICAL);UMR LEMAR (MAR. ENVIRON. SCI. LAB.)
SDG 14 (SUST. DEVEL. GOAL - OCEANS);UMR LEMAR (MAR. ENVIRON. SCI. LAB.)
ATLANTIC OCEAN;ATLANTIC OCEAN (INTERTROPICAL)
ATLANTIC OCEAN;ECOLOGY (MARINE)
ATLANTIC OCEAN;ECOSYSTEM (MARINE)
ATLANTIC OCEAN;ENVIRONMENT (MARINE)
ATLANTIC OCEAN;SDG 14 (SUST. DEVEL. GOAL - OCEANS)
ATLANTIC OCEAN;UMR ENTROPIE (TROPIC. MAR. ECOL. PACIFIC INDIAN OCEANS)
ATLANTIC OCEAN (INTERTROPICAL);ECOLOGY (MARINE)
ATLANTIC OCEAN (INTERTROPICAL);ECOSYSTEM (MARINE)
ATLANTIC OCEAN (INTERTROPICAL);ENVIRONMENT (MARINE)
ATLANTIC OCEAN (INTERTROPICAL);SDG 14 (SUST. DEVEL. GOAL - OCEANS)
ATLANTIC OCEAN (INTERTROPICAL);UMR ENTROPIE (TROPIC. MAR. ECOL. PACIFIC INDIAN OCEANS)
ECOLOGY (MARINE);ECOSYSTEM (MARINE)
ECOLOGY (MARINE);ENVIRONMENT (MARINE)
ECOLOGY (MARINE);SDG 14 (SUST. DEVEL. GOAL - OCEANS)
ECOLOGY (MARINE);UMR ENTROPIE (TROPIC. MAR. ECOL. PACIFIC INDIAN OCEANS)
ECOSYSTEM (MARINE);ENVIRONMENT (MARINE)
ECOSYSTEM (MARINE);SDG 14 (SUST. DEVEL. GOAL - OCEANS)
ECOSYSTEM (MARINE);UMR ENTROPIE (TROPIC. MAR. ECOL. PACIFIC INDIAN OCEANS)
ENVIRONMENT (MARINE);SDG 14 (SUST. DEVEL. GOAL - OCEANS)
ENVIRONMENT (MARINE);UMR ENTROPIE (TROPIC. MAR. ECOL. PACIFIC INDIAN OCEANS)
SDG 14 (SUST. DEVEL. GOAL - OCEANS);UMR ENTROPIE (TROPIC. MAR. ECOL. PACIFIC INDIAN OCEANS)
BIODIVERSITY (MARINE);MARINE PROTECTED AREA (MPA)
BIODIVERSITY (MARINE);SDG 14 (SUST. DEVEL. GOAL - OCEANS)
MARINE PROTECTED AREA (MPA);SDG 14 (SUST. DEVEL. GOAL - OCEANS)
ECOSYSTEM (MARINE);ENVIRONMENT (MARINE)
ECOSYSTEM (MARINE);SDG 14 (SUST. DEVEL. GOAL - OCEANS)
ECOSYSTEM (MARINE);SOUTH WESTERN TROPICAL PACIFIC OCEAN
ECOSYSTEM (MARINE);UMR ENTROPIE (TROPIC. MAR. ECOL. PACIFIC INDIAN OCEANS)
ENVIRONMENT (MARINE);SDG 14 (SUST. DEVEL. GOAL - OCEANS)
ENVIRONMENT (MARINE);SOUTH WESTERN TROPICAL PACIFIC OCEAN
ENVIRONMENT (MARINE);UMR ENTROPIE (TROPIC. MAR. ECOL. PACIFIC INDIAN OCEANS)
SDG 14 (SUST. DEVEL. GOAL - OCEANS);SOUTH WESTERN TROPICAL PACIFIC OCEAN
SDG 14 (SUST. DEVEL. GOAL - OCEANS);UMR ENTROPIE (TROPIC. MAR. ECOL. PACIFIC INDIAN OCEANS)
SOUTH WESTERN TROPICAL PACIFIC OCEAN;UMR ENTROPIE (TROPIC. MAR. ECOL. PACIFIC INDIAN OCEANS)
OCEAN CIRCULATION;OCEANOGRAPHY
OCEAN CIRCULATION;OCEANOGRAPHY (PHYSICAL)
OCEAN CIRCULATION;SDG 14 (SUST. DEVEL. GOAL - OCEANS)
OCEAN CIRCULATION;UMR LEGOS (SPACE GEOPHYS. OCEANOGR. STUDIES LAB.)
OCEANOGRAPHY;OCEANOGRAPHY (PHYSICAL)
OCEANOGRAPHY;SDG 14 (SUST. DEVEL. GOAL - OCEANS)
OCEANOGRAPHY;UMR LEGOS (SPACE GEOPHYS. OCEANOGR. STUDIES LAB.)
OCEANOGRAPHY (PHYSICAL);SDG 14 (SUST. DEVEL. GOAL - OCEANS)
OCEANOGRAPHY (PHYSICAL);UMR LEGOS (SPACE GEOPHYS. OCEANOGR. STUDIES LAB.)
SDG 14 (SUST. DEVEL. GOAL - OCEANS);UMR LEGOS (SPACE GEOPHYS. OCEANOGR. STUDIES LAB.)
OCEANOGRAPHY;SDG 14 (SUST. DEVEL. GOAL - OCEANS)
ATLANTIC OCEAN;ATLANTIC OCEAN (INTERTROPICAL)
ATLANTIC OCEAN;BIODIVERSITY (MARINE)
ATLANTIC OCEAN;BIOLOGY (MARINE)
ATLANTIC OCEAN;BIOMASS (OCEAN)
ATLANTIC OCEAN;CENTRAL EAST ATLANTIC OCEAN
ATLANTIC OCEAN;ECOLOGY (MARINE)
ATLANTIC OCEAN;ECOSYSTEM (MARINE)
ATLANTIC OCEAN;ENVIRONMENT (MARINE)
ATLANTIC OCEAN;MARINE PROTECTED AREA (MPA)
ATLANTIC OCEAN;OCEANOGRAPHY (BIOLOGICAL)
ATLANTIC OCEAN;SDG 14 (SUST. DEVEL. GOAL - OCEANS)
ATLANTIC OCEAN;UMR MARBEC (MAR. BIODIV. EXPLOIT. CONSERV.)
ATLANTIC OCEAN (INTERTROPICAL);BIODIVERSITY (MARINE)
ATLANTIC OCEAN (INTERTROPICAL);BIOLOGY (MARINE)
ATLANTIC OCEAN (INTERTROPICAL);BIOMASS (OCEAN)
ATLANTIC OCEAN (INTERTROPICAL);CENTRAL EAST ATLANTIC OCEAN
ATLANTIC OCEAN (INTERTROPICAL);ECOLOGY (MARINE)
ATLANTIC OCEAN (INTERTROPICAL);ECOSYSTEM (MARINE)
ATLANTIC OCEAN (INTERTROPICAL);ENVIRONMENT (MARINE)
ATLANTIC OCEAN (INTERTROPICAL);MARINE PROTECTED AREA (MPA)
ATLANTIC OCEAN (INTERTROPICAL);OCEANOGRAPHY (BIOLOGICAL)
ATLANTIC OCEAN (INTERTROPICAL);SDG 14 (SUST. DEVEL. GOAL - OCEANS)
ATLANTIC OCEAN (INTERTROPICAL);UMR MARBEC (MAR. BIODIV. EXPLOIT. CONSERV.)
BIODIVERSITY (MARINE);BIOLOGY (MARINE)
BIODIVERSITY (MARINE);BIOMASS (OCEAN)
BIODIVERSITY (MARINE);CENTRAL EAST ATLANTIC OCEAN
BIODIVERSITY (MARINE);ECOLOGY (MARINE)
BIODIVERSITY (MARINE);ECOSYSTEM (MARINE)
BIODIVERSITY (MARINE);ENVIRONMENT (MARINE)
BIODIVERSITY (MARINE);MARINE PROTECTED AREA (MPA)
BIODIVERSITY (MARINE);OCEANOGRAPHY (BIOLOGICAL)
BIODIVERSITY (MARINE);SDG 14 (SUST. DEVEL. GOAL - OCEANS)
BIODIVERSITY (MARINE);UMR MARBEC (MAR. BIODIV. EXPLOIT. CONSERV.)
BIOLOGY (MARINE);BIOMASS (OCEAN)
BIOLOGY (MARINE);CENTRAL EAST ATLANTIC OCEAN
BIOLOGY (MARINE);ECOLOGY (MARINE)
BIOLOGY (MARINE);ECOSYSTEM (MARINE)
BIOLOGY (MARINE);ENVIRONMENT (MARINE)
BIOLOGY (MARINE);MARINE PROTECTED AREA (MPA)
BIOLOGY (MARINE);OCEANOGRAPHY (BIOLOGICAL)
BIOLOGY (MARINE);SDG 14 (SUST. DEVEL. GOAL - OCEANS)
BIOLOGY (MARINE);UMR MARBEC (MAR. BIODIV. EXPLOIT. CONSERV.)
BIOMASS (OCEAN);CENTRAL EAST ATLANTIC OCEAN
BIOMASS (OCEAN);ECOLOGY (MARINE)
BIOMASS (OCEAN);ECOSYSTEM (MARINE)
BIOMASS (OCEAN);ENVIRONMENT (MARINE)
BIOMASS (OCEAN);MARINE PROTECTED AREA (MPA)
BIOMASS (OCEAN);OCEANOGRAPHY (BIOLOGICAL)
BIOMASS (OCEAN);SDG 14 (SUST. DEVEL. GOAL - OCEANS)
BIOMASS (OCEAN);UMR MARBEC (MAR. BIODIV. EXPLOIT. CONSERV.)
CENTRAL EAST ATLANTIC OCEAN;ECOLOGY (MARINE)
CENTRAL EAST ATLANTIC OCEAN;ECOSYSTEM (MARINE)
CENTRAL EAST ATLANTIC OCEAN;ENVIRONMENT (MARINE)
CENTRAL EAST ATLANTIC OCEAN;MARINE PROTECTED AREA (MPA)
CENTRAL EAST ATLANTIC OCEAN;OCEANOGRAPHY (BIOLOGICAL)
CENTRAL EAST ATLANTIC OCEAN;SDG 14 (SUST. DEVEL. GOAL - OCEANS)
CENTRAL EAST ATLANTIC OCEAN;UMR MARBEC (MAR. BIODIV. EXPLOIT. CONSERV.)
ECOLOGY (MARINE);ECOSYSTEM (MARINE)
ECOLOGY (MARINE);ENVIRONMENT (MARINE)
ECOLOGY (MARINE);MARINE PROTECTED AREA (MPA)
ECOLOGY (MARINE);OCEANOGRAPHY (BIOLOGICAL)
ECOLOGY (MARINE);SDG 14 (SUST. DEVEL. GOAL - OCEANS)
ECOLOGY (MARINE);UMR MARBEC (MAR. BIODIV. EXPLOIT. CONSERV.)
ECOSYSTEM (MARINE);ENVIRONMENT (MARINE)
ECOSYSTEM (MARINE);MARINE PROTECTED AREA (MPA)
ECOSYSTEM (MARINE);OCEANOGRAPHY (BIOLOGICAL)
ECOSYSTEM (MARINE);SDG 14 (SUST. DEVEL. GOAL - OCEANS)
ECOSYSTEM (MARINE);UMR MARBEC (MAR. BIODIV. EXPLOIT. CONSERV.)
ENVIRONMENT (MARINE);MARINE PROTECTED AREA (MPA)
ENVIRONMENT (MARINE);OCEANOGRAPHY (BIOLOGICAL)
ENVIRONMENT (MARINE);SDG 14 (SUST. DEVEL. GOAL - OCEANS)
ENVIRONMENT (MARINE);UMR MARBEC (MAR. BIODIV. EXPLOIT. CONSERV.)
MARINE PROTECTED AREA (MPA);OCEANOGRAPHY (BIOLOGICAL)
MARINE PROTECTED AREA (MPA);SDG 14 (SUST. DEVEL. GOAL - OCEANS)
MARINE PROTECTED AREA (MPA);UMR MARBEC (MAR. BIODIV. EXPLOIT. CONSERV.)
OCEANOGRAPHY (BIOLOGICAL);SDG 14 (SUST. DEVEL. GOAL - OCEANS)
OCEANOGRAPHY (BIOLOGICAL);UMR MARBEC (MAR. BIODIV. EXPLOIT. CONSERV.)
SDG 14 (SUST. DEVEL. GOAL - OCEANS);UMR MARBEC (MAR. BIODIV. EXPLOIT. CONSERV.)
BIODIVERSITY (MARINE);BIOLOGY (MARINE)
BIODIVERSITY (MARINE);CORAL TRIANGLE (MARINE AREA)
BIODIVERSITY (MARINE);ECOLOGY (MARINE)
BIODIVERSITY (MARINE);ECOSYSTEM (MARINE)
BIODIVERSITY (MARINE);ENVIRONMENT (MARINE)
BIODIVERSITY (MARINE);MARINE MEGAFAUNA
BIODIVERSITY (MARINE);MARINE PROTECTED AREA (MPA)
BIODIVERSITY (MARINE);MESOPHOTIC - TWILIGHT ZONE (OCEANOGR.)
BIODIVERSITY (MARINE);OCEANOGRAPHY
BIODIVERSITY (MARINE);OCEANOGRAPHY (BIOLOGICAL)
BIODIVERSITY (MARINE);SDG 14 (SUST. DEVEL. GOAL - OCEANS)
BIODIVERSITY (MARINE);SOUTH WESTERN TROPICAL PACIFIC OCEAN
BIODIVERSITY (MARINE);UMR MARBEC (MAR. BIODIV. EXPLOIT. CONSERV.)
BIOLOGY (MARINE);CORAL TRIANGLE (MARINE AREA)
BIOLOGY (MARINE);ECOLOGY (MARINE)
BIOLOGY (MARINE);ECOSYSTEM (MARINE)
BIOLOGY (MARINE);ENVIRONMENT (MARINE)
BIOLOGY (MARINE);MARINE MEGAFAUNA
BIOLOGY (MARINE);MARINE PROTECTED AREA (MPA)
BIOLOGY (MARINE);MESOPHOTIC - TWILIGHT ZONE (OCEANOGR.)
BIOLOGY (MARINE);OCEANOGRAPHY
BIOLOGY (MARINE);OCEANOGRAPHY (BIOLOGICAL)
BIOLOGY (MARINE);SDG 14 (SUST. DEVEL. GOAL - OCEANS)
BIOLOGY (MARINE);SOUTH WESTERN TROPICAL PACIFIC OCEAN
BIOLOGY (MARINE);UMR MARBEC (MAR. BIODIV. EXPLOIT. CONSERV.)
CORAL TRIANGLE (MARINE AREA);ECOLOGY (MARINE)
CORAL TRIANGLE (MARINE AREA);ECOSYSTEM (MARINE)
CORAL TRIANGLE (MARINE AREA);ENVIRONMENT (MARINE)
CORAL TRIANGLE (MARINE AREA);MARINE MEGAFAUNA
CORAL TRIANGLE (MARINE AREA);MARINE PROTECTED AREA (MPA)
CORAL TRIANGLE (MARINE AREA);MESOPHOTIC - TWILIGHT ZONE (OCEANOGR.)
CORAL TRIANGLE (MARINE AREA);OCEANOGRAPHY
CORAL TRIANGLE (MARINE AREA);OCEANOGRAPHY (BIOLOGICAL)
CORAL TRIANGLE (MARINE AREA);SDG 14 (SUST. DEVEL. GOAL - OCEANS)
CORAL TRIANGLE (MARINE AREA);SOUTH WESTERN TROPICAL PACIFIC OCEAN
CORAL TRIANGLE (MARINE AREA);UMR MARBEC (MAR. BIODIV. EXPLOIT. CONSERV.)
ECOLOGY (MARINE);ECOSYSTEM (MARINE)
ECOLOGY (MARINE);ENVIRONMENT (MARINE)
ECOLOGY (MARINE);MARINE MEGAFAUNA
ECOLOGY (MARINE);MARINE PROTECTED AREA (MPA)
ECOLOGY (MARINE);MESOPHOTIC - TWILIGHT ZONE (OCEANOGR.)
ECOLOGY (MARINE);OCEANOGRAPHY
ECOLOGY (MARINE);OCEANOGRAPHY (BIOLOGICAL)
ECOLOGY (MARINE);SDG 14 (SUST. DEVEL. GOAL - OCEANS)
ECOLOGY (MARINE);SOUTH WESTERN TROPICAL PACIFIC OCEAN
ECOLOGY (MARINE);UMR MARBEC (MAR. BIODIV. EXPLOIT. CONSERV.)
ECOSYSTEM (MARINE);ENVIRONMENT (MARINE)
ECOSYSTEM (MARINE);MARINE MEGAFAUNA
ECOSYSTEM (MARINE);MARINE PROTECTED AREA (MPA)
ECOSYSTEM (MARINE);MESOPHOTIC - TWILIGHT ZONE (OCEANOGR.)
ECOSYSTEM (MARINE);OCEANOGRAPHY
ECOSYSTEM (MARINE);OCEANOGRAPHY (BIOLOGICAL)
ECOSYSTEM (MARINE);SDG 14 (SUST. DEVEL. GOAL - OCEANS)
ECOSYSTEM (MARINE);SOUTH WESTERN TROPICAL PACIFIC OCEAN
ECOSYSTEM (MARINE);UMR MARBEC (MAR. BIODIV. EXPLOIT. CONSERV.)
ENVIRONMENT (MARINE);MARINE MEGAFAUNA
ENVIRONMENT (MARINE);MARINE PROTECTED AREA (MPA)
ENVIRONMENT (MARINE);MESOPHOTIC - TWILIGHT ZONE (OCEANOGR.)
ENVIRONMENT (MARINE);OCEANOGRAPHY
ENVIRONMENT (MARINE);OCEANOGRAPHY (BIOLOGICAL)
ENVIRONMENT (MARINE);SDG 14 (SUST. DEVEL. GOAL - OCEANS)
ENVIRONMENT (MARINE);SOUTH WESTERN TROPICAL PACIFIC OCEAN
ENVIRONMENT (MARINE);UMR MARBEC (MAR. BIODIV. EXPLOIT. CONSERV.)
MARINE MEGAFAUNA;MARINE PROTECTED AREA (MPA)
MARINE MEGAFAUNA;MESOPHOTIC - TWILIGHT ZONE (OCEANOGR.)
MARINE MEGAFAUNA;OCEANOGRAPHY
MARINE MEGAFAUNA;OCEANOGRAPHY (BIOLOGICAL)
MARINE MEGAFAUNA;SDG 14 (SUST. DEVEL. GOAL - OCEANS)
MARINE MEGAFAUNA;SOUTH WESTERN TROPICAL PACIFIC OCEAN
MARINE MEGAFAUNA;UMR MARBEC (MAR. BIODIV. EXPLOIT. CONSERV.)
MARINE PROTECTED AREA (MPA);MESOPHOTIC - TWILIGHT ZONE (OCEANOGR.)
MARINE PROTECTED AREA (MPA);OCEANOGRAPHY
MARINE PROTECTED AREA (MPA);OCEANOGRAPHY (BIOLOGICAL)
MARINE PROTECTED AREA (MPA);SDG 14 (SUST. DEVEL. GOAL - OCEANS)
MARINE PROTECTED AREA (MPA);SOUTH WESTERN TROPICAL PACIFIC OCEAN
MARINE PROTECTED AREA (MPA);UMR MARBEC (MAR. BIODIV. EXPLOIT. CONSERV.)
MESOPHOTIC - TWILIGHT ZONE (OCEANOGR.);OCEANOGRAPHY
MESOPHOTIC - TWILIGHT ZONE (OCEANOGR.);OCEANOGRAPHY (BIOLOGICAL)
MESOPHOTIC - TWILIGHT ZONE (OCEANOGR.);SDG 14 (SUST. DEVEL. GOAL - OCEANS)
MESOPHOTIC - TWILIGHT ZONE (OCEANOGR.);SOUTH WESTERN TROPICAL PACIFIC OCEAN
MESOPHOTIC - TWILIGHT ZONE (OCEANOGR.);UMR MARBEC (MAR. BIODIV. EXPLOIT. CONSERV.)
OCEANOGRAPHY;OCEANOGRAPHY (BIOLOGICAL)
OCEANOGRAPHY;SDG 14 (SUST. DEVEL. GOAL - OCEANS)
OCEANOGRAPHY;SOUTH WESTERN TROPICAL PACIFIC OCEAN
OCEANOGRAPHY;UMR MARBEC (MAR. BIODIV. EXPLOIT. CONSERV.)
OCEANOGRAPHY (BIOLOGICAL);SDG 14 (SUST. DEVEL. GOAL - OCEANS)
OCEANOGRAPHY (BIOLOGICAL);SOUTH WESTERN TROPICAL PACIFIC OCEAN
OCEANOGRAPHY (BIOLOGICAL);UMR MARBEC (MAR. BIODIV. EXPLOIT. CONSERV.)
SDG 14 (SUST. DEVEL. GOAL - OCEANS);SOUTH WESTERN TROPICAL PACIFIC OCEAN
SDG 14 (SUST. DEVEL. GOAL - OCEANS);UMR MARBEC (MAR. BIODIV. EXPLOIT. CONSERV.)
SOUTH WESTERN TROPICAL PACIFIC OCEAN;UMR MARBEC (MAR. BIODIV. EXPLOIT. CONSERV.)
ATLANTIC OCEAN;ATLANTIC OCEAN (INTERTROPICAL)
ATLANTIC OCEAN;BIODIVERSITY (MARINE)
ATLANTIC OCEAN;BIOLOGY (MARINE)
ATLANTIC OCEAN;BIOMASS (OCEAN)
ATLANTIC OCEAN;CENTRAL EAST ATLANTIC OCEAN
ATLANTIC OCEAN;DIEL MIGRATION (MAR. BIOL.)
ATLANTIC OCEAN;ECOLOGY (MARINE)
ATLANTIC OCEAN;ECOSYSTEM (MARINE)
ATLANTIC OCEAN;ENVIRONMENT (MARINE)
ATLANTIC OCEAN;GLOBAL OCEAN
ATLANTIC OCEAN;GLOBEC (GLOBAL OCEAN ECOSYSTEM DYNAMICS PROGRAM)
ATLANTIC OCEAN;HABITAT (MARINE)
ATLANTIC OCEAN;INDIAN OCEAN
ATLANTIC OCEAN;MARINE MEGAFAUNA
ATLANTIC OCEAN;MARINE PROTECTED AREA (MPA)
ATLANTIC OCEAN;MESOPHOTIC - TWILIGHT ZONE (OCEANOGR.)
ATLANTIC OCEAN;MICRONEKTON (MARINE ORG.)
ATLANTIC OCEAN;NEKTON (MARINE ORG.)
ATLANTIC OCEAN;NORTH ATLANTIC OCEAN
ATLANTIC OCEAN;OCEANOGRAPHY (BIOLOGICAL)
ATLANTIC OCEAN;SDG 14 (SUST. DEVEL. GOAL - OCEANS)
ATLANTIC OCEAN;SOUTH WESTERN INDIAN OCEAN
ATLANTIC OCEAN;UMR MARBEC (MAR. BIODIV. EXPLOIT. CONSERV.)
ATLANTIC OCEAN (INTERTROPICAL);BIODIVERSITY (MARINE)
ATLANTIC OCEAN (INTERTROPICAL);BIOLOGY (MARINE)
ATLANTIC OCEAN (INTERTROPICAL);BIOMASS (OCEAN)
ATLANTIC OCEAN (INTERTROPICAL);CENTRAL EAST ATLANTIC OCEAN
ATLANTIC OCEAN (INTERTROPICAL);DIEL MIGRATION (MAR. BIOL.)
ATLANTIC OCEAN (INTERTROPICAL);ECOLOGY (MARINE)
ATLANTIC OCEAN (INTERTROPICAL);ECOSYSTEM (MARINE)
ATLANTIC OCEAN (INTERTROPICAL);ENVIRONMENT (MARINE)
ATLANTIC OCEAN (INTERTROPICAL);GLOBAL OCEAN
ATLANTIC OCEAN (INTERTROPICAL);GLOBEC (GLOBAL OCEAN ECOSYSTEM DYNAMICS PROGRAM)
ATLANTIC OCEAN (INTERTROPICAL);HABITAT (MARINE)
ATLANTIC OCEAN (INTERTROPICAL);INDIAN OCEAN
ATLANTIC OCEAN (INTERTROPICAL);MARINE MEGAFAUNA
ATLANTIC OCEAN (INTERTROPICAL);MARINE PROTECTED AREA (MPA)
ATLANTIC OCEAN (INTERTROPICAL);MESOPHOTIC - TWILIGHT ZONE (OCEANOGR.)
ATLANTIC OCEAN (INTERTROPICAL);MICRONEKTON (MARINE ORG.)
ATLANTIC OCEAN (INTERTROPICAL);NEKTON (MARINE ORG.)
ATLANTIC OCEAN (INTERTROPICAL);NORTH ATLANTIC OCEAN
ATLANTIC OCEAN (INTERTROPICAL);OCEANOGRAPHY (BIOLOGICAL)
ATLANTIC OCEAN (INTERTROPICAL);SDG 14 (SUST. DEVEL. GOAL - OCEANS)
ATLANTIC OCEAN (INTERTROPICAL);SOUTH WESTERN INDIAN OCEAN
ATLANTIC OCEAN (INTERTROPICAL);UMR MARBEC (MAR. BIODIV. EXPLOIT. CONSERV.)
BIODIVERSITY (MARINE);BIOLOGY (MARINE)
BIODIVERSITY (MARINE);BIOMASS (OCEAN)
BIODIVERSITY (MARINE);CENTRAL EAST ATLANTIC OCEAN
BIODIVERSITY (MARINE);DIEL MIGRATION (MAR. BIOL.)
BIODIVERSITY (MARINE);ECOLOGY (MARINE)
BIODIVERSITY (MARINE);ECOSYSTEM (MARINE)
BIODIVERSITY (MARINE);ENVIRONMENT (MARINE)
BIODIVERSITY (MARINE);GLOBAL OCEAN
BIODIVERSITY (MARINE);GLOBEC (GLOBAL OCEAN ECOSYSTEM DYNAMICS PROGRAM)
BIODIVERSITY (MARINE);HABITAT (MARINE)
BIODIVERSITY (MARINE);INDIAN OCEAN
BIODIVERSITY (MARINE);MARINE MEGAFAUNA
BIODIVERSITY (MARINE);MARINE PROTECTED AREA (MPA)
BIODIVERSITY (MARINE);MESOPHOTIC - TWILIGHT ZONE (OCEANOGR.)
BIODIVERSITY (MARINE);MICRONEKTON (MARINE ORG.)
BIODIVERSITY (MARINE);NEKTON (MARINE ORG.)
BIODIVERSITY (MARINE);NORTH ATLANTIC OCEAN
BIODIVERSITY (MARINE);OCEANOGRAPHY (BIOLOGICAL)
BIODIVERSITY (MARINE);SDG 14 (SUST. DEVEL. GOAL - OCEANS)
BIODIVERSITY (MARINE);SOUTH WESTERN INDIAN OCEAN
BIODIVERSITY (MARINE);UMR MARBEC (MAR. BIODIV. EXPLOIT. CONSERV.)
BIOLOGY (MARINE);BIOMASS (OCEAN)
BIOLOGY (MARINE);CENTRAL EAST ATLANTIC OCEAN
BIOLOGY (MARINE);DIEL MIGRATION (MAR. BIOL.)
BIOLOGY (MARINE);ECOLOGY (MARINE)
BIOLOGY (MARINE);ECOSYSTEM (MARINE)
BIOLOGY (MARINE);ENVIRONMENT (MARINE)
BIOLOGY (MARINE);GLOBAL OCEAN
BIOLOGY (MARINE);GLOBEC (GLOBAL OCEAN ECOSYSTEM DYNAMICS PROGRAM)
BIOLOGY (MARINE);HABITAT (MARINE)
BIOLOGY (MARINE);INDIAN OCEAN
BIOLOGY (MARINE);MARINE MEGAFAUNA
BIOLOGY (MARINE);MARINE PROTECTED AREA (MPA)
BIOLOGY (MARINE);MESOPHOTIC - TWILIGHT ZONE (OCEANOGR.)
BIOLOGY (MARINE);MICRONEKTON (MARINE ORG.)
BIOLOGY (MARINE);NEKTON (MARINE ORG.)
BIOLOGY (MARINE);NORTH ATLANTIC OCEAN
BIOLOGY (MARINE);OCEANOGRAPHY (BIOLOGICAL)
BIOLOGY (MARINE);SDG 14 (SUST. DEVEL. GOAL - OCEANS)
BIOLOGY (MARINE);SOUTH WESTERN INDIAN OCEAN
BIOLOGY (MARINE);UMR MARBEC (MAR. BIODIV. EXPLOIT. CONSERV.)
BIOMASS (OCEAN);CENTRAL EAST ATLANTIC OCEAN
BIOMASS (OCEAN);DIEL MIGRATION (MAR. BIOL.)
BIOMASS (OCEAN);ECOLOGY (MARINE)
BIOMASS (OCEAN);ECOSYSTEM (MARINE)
BIOMASS (OCEAN);ENVIRONMENT (MARINE)
BIOMASS (OCEAN);GLOBAL OCEAN
BIOMASS (OCEAN);GLOBEC (GLOBAL OCEAN ECOSYSTEM DYNAMICS PROGRAM)
BIOMASS (OCEAN);HABITAT (MARINE)
BIOMASS (OCEAN);INDIAN OCEAN
BIOMASS (OCEAN);MARINE MEGAFAUNA
BIOMASS (OCEAN);MARINE PROTECTED AREA (MPA)
BIOMASS (OCEAN);MESOPHOTIC - TWILIGHT ZONE (OCEANOGR.)
BIOMASS (OCEAN);MICRONEKTON (MARINE ORG.)
BIOMASS (OCEAN);NEKTON (MARINE ORG.)
BIOMASS (OCEAN);NORTH ATLANTIC OCEAN
BIOMASS (OCEAN);OCEANOGRAPHY (BIOLOGICAL)
BIOMASS (OCEAN);SDG 14 (SUST. DEVEL. GOAL - OCEANS)
BIOMASS (OCEAN);SOUTH WESTERN INDIAN OCEAN
BIOMASS (OCEAN);UMR MARBEC (MAR. BIODIV. EXPLOIT. CONSERV.)
CENTRAL EAST ATLANTIC OCEAN;DIEL MIGRATION (MAR. BIOL.)
CENTRAL EAST ATLANTIC OCEAN;ECOLOGY (MARINE)
CENTRAL EAST ATLANTIC OCEAN;ECOSYSTEM (MARINE)
CENTRAL EAST ATLANTIC OCEAN;ENVIRONMENT (MARINE)
CENTRAL EAST ATLANTIC OCEAN;GLOBAL OCEAN
CENTRAL EAST ATLANTIC OCEAN;GLOBEC (GLOBAL OCEAN ECOSYSTEM DYNAMICS PROGRAM)
CENTRAL EAST ATLANTIC OCEAN;HABITAT (MARINE)
CENTRAL EAST ATLANTIC OCEAN;INDIAN OCEAN
CENTRAL EAST ATLANTIC OCEAN;MARINE MEGAFAUNA
CENTRAL EAST ATLANTIC OCEAN;MARINE PROTECTED AREA (MPA)
CENTRAL EAST ATLANTIC OCEAN;MESOPHOTIC - TWILIGHT ZONE (OCEANOGR.)
CENTRAL EAST ATLANTIC OCEAN;MICRONEKTON (MARINE ORG.)
CENTRAL EAST ATLANTIC OCEAN;NEKTON (MARINE ORG.)
CENTRAL EAST ATLANTIC OCEAN;NORTH ATLANTIC OCEAN
CENTRAL EAST ATLANTIC OCEAN;OCEANOGRAPHY (BIOLOGICAL)
CENTRAL EAST ATLANTIC OCEAN;SDG 14 (SUST. DEVEL. GOAL - OCEANS)
CENTRAL EAST ATLANTIC OCEAN;SOUTH WESTERN INDIAN OCEAN
CENTRAL EAST ATLANTIC OCEAN;UMR MARBEC (MAR. BIODIV. EXPLOIT. CONSERV.)
DIEL MIGRATION (MAR. BIOL.);ECOLOGY (MARINE)
DIEL MIGRATION (MAR. BIOL.);ECOSYSTEM (MARINE)
DIEL MIGRATION (MAR. BIOL.);ENVIRONMENT (MARINE)
DIEL MIGRATION (MAR. BIOL.);GLOBAL OCEAN
DIEL MIGRATION (MAR. BIOL.);GLOBEC (GLOBAL OCEAN ECOSYSTEM DYNAMICS PROGRAM)
DIEL MIGRATION (MAR. BIOL.);HABITAT (MARINE)
DIEL MIGRATION (MAR. BIOL.);INDIAN OCEAN
DIEL MIGRATION (MAR. BIOL.);MARINE MEGAFAUNA
DIEL MIGRATION (MAR. BIOL.);MARINE PROTECTED AREA (MPA)
DIEL MIGRATION (MAR. BIOL.);MESOPHOTIC - TWILIGHT ZONE (OCEANOGR.)
DIEL MIGRATION (MAR. BIOL.);MICRONEKTON (MARINE ORG.)
DIEL MIGRATION (MAR. BIOL.);NEKTON (MARINE ORG.)
DIEL MIGRATION (MAR. BIOL.);NORTH ATLANTIC OCEAN
DIEL MIGRATION (MAR. BIOL.);OCEANOGRAPHY (BIOLOGICAL)
DIEL MIGRATION (MAR. BIOL.);SDG 14 (SUST. DEVEL. GOAL - OCEANS)
DIEL MIGRATION (MAR. BIOL.);SOUTH WESTERN INDIAN OCEAN
DIEL MIGRATION (MAR. BIOL.);UMR MARBEC (MAR. BIODIV. EXPLOIT. CONSERV.)
ECOLOGY (MARINE);ECOSYSTEM (MARINE)
ECOLOGY (MARINE);ENVIRONMENT (MARINE)
ECOLOGY (MARINE);GLOBAL OCEAN
ECOLOGY (MARINE);GLOBEC (GLOBAL OCEAN ECOSYSTEM DYNAMICS PROGRAM)
ECOLOGY (MARINE);HABITAT (MARINE)
ECOLOGY (MARINE);INDIAN OCEAN
ECOLOGY (MARINE);MARINE MEGAFAUNA
ECOLOGY (MARINE);MARINE PROTECTED AREA (MPA)
ECOLOGY (MARINE);MESOPHOTIC - TWILIGHT ZONE (OCEANOGR.)
ECOLOGY (MARINE);MICRONEKTON (MARINE ORG.)
ECOLOGY (MARINE);NEKTON (MARINE ORG.)
ECOLOGY (MARINE);NORTH ATLANTIC OCEAN
ECOLOGY (MARINE);OCEANOGRAPHY (BIOLOGICAL)
ECOLOGY (MARINE);SDG 14 (SUST. DEVEL. GOAL - OCEANS)
ECOLOGY (MARINE);SOUTH WESTERN INDIAN OCEAN
ECOLOGY (MARINE);UMR MARBEC (MAR. BIODIV. EXPLOIT. CONSERV.)
ECOSYSTEM (MARINE);ENVIRONMENT (MARINE)
ECOSYSTEM (MARINE);GLOBAL OCEAN
ECOSYSTEM (MARINE);GLOBEC (GLOBAL OCEAN ECOSYSTEM DYNAMICS PROGRAM)
ECOSYSTEM (MARINE);HABITAT (MARINE)
ECOSYSTEM (MARINE);INDIAN OCEAN
ECOSYSTEM (MARINE);MARINE MEGAFAUNA
ECOSYSTEM (MARINE);MARINE PROTECTED AREA (MPA)
ECOSYSTEM (MARINE);MESOPHOTIC - TWILIGHT ZONE (OCEANOGR.)
ECOSYSTEM (MARINE);MICRONEKTON (MARINE ORG.)
ECOSYSTEM (MARINE);NEKTON (MARINE ORG.)
ECOSYSTEM (MARINE);NORTH ATLANTIC OCEAN
ECOSYSTEM (MARINE);OCEANOGRAPHY (BIOLOGICAL)
ECOSYSTEM (MARINE);SDG 14 (SUST. DEVEL. GOAL - OCEANS)
ECOSYSTEM (MARINE);SOUTH WESTERN INDIAN OCEAN
ECOSYSTEM (MARINE);UMR MARBEC (MAR. BIODIV. EXPLOIT. CONSERV.)
ENVIRONMENT (MARINE);GLOBAL OCEAN
ENVIRONMENT (MARINE);GLOBEC (GLOBAL OCEAN ECOSYSTEM DYNAMICS PROGRAM)
ENVIRONMENT (MARINE);HABITAT (MARINE)
ENVIRONMENT (MARINE);INDIAN OCEAN
ENVIRONMENT (MARINE);MARINE MEGAFAUNA
ENVIRONMENT (MARINE);MARINE PROTECTED AREA (MPA)
ENVIRONMENT (MARINE);MESOPHOTIC - TWILIGHT ZONE (OCEANOGR.)
ENVIRONMENT (MARINE);MICRONEKTON (MARINE ORG.)
ENVIRONMENT (MARINE);NEKTON (MARINE ORG.)
ENVIRONMENT (MARINE);NORTH ATLANTIC OCEAN
ENVIRONMENT (MARINE);OCEANOGRAPHY (BIOLOGICAL)
ENVIRONMENT (MARINE);SDG 14 (SUST. DEVEL. GOAL - OCEANS)
ENVIRONMENT (MARINE);SOUTH WESTERN INDIAN OCEAN
ENVIRONMENT (MARINE);UMR MARBEC (MAR. BIODIV. EXPLOIT. CONSERV.)
GLOBAL OCEAN;GLOBEC (GLOBAL OCEAN ECOSYSTEM DYNAMICS PROGRAM)
GLOBAL OCEAN;HABITAT (MARINE)
GLOBAL OCEAN;INDIAN OCEAN
GLOBAL OCEAN;MARINE MEGAFAUNA
GLOBAL OCEAN;MARINE PROTECTED AREA (MPA)
GLOBAL OCEAN;MESOPHOTIC - TWILIGHT ZONE (OCEANOGR.)
GLOBAL OCEAN;MICRONEKTON (MARINE ORG.)
GLOBAL OCEAN;NEKTON (MARINE ORG.)
GLOBAL OCEAN;NORTH ATLANTIC OCEAN
GLOBAL OCEAN;OCEANOGRAPHY (BIOLOGICAL)
GLOBAL OCEAN;SDG 14 (SUST. DEVEL. GOAL - OCEANS)
GLOBAL OCEAN;SOUTH WESTERN INDIAN OCEAN
GLOBAL OCEAN;UMR MARBEC (MAR. BIODIV. EXPLOIT. CONSERV.)
GLOBEC (GLOBAL OCEAN ECOSYSTEM DYNAMICS PROGRAM);HABITAT (MARINE)
GLOBEC (GLOBAL OCEAN ECOSYSTEM DYNAMICS PROGRAM);INDIAN OCEAN
GLOBEC (GLOBAL OCEAN ECOSYSTEM DYNAMICS PROGRAM);MARINE MEGAFAUNA
GLOBEC (GLOBAL OCEAN ECOSYSTEM DYNAMICS PROGRAM);MARINE PROTECTED AREA (MPA)
GLOBEC (GLOBAL OCEAN ECOSYSTEM DYNAMICS PROGRAM);MESOPHOTIC - TWILIGHT ZONE (OCEANOGR.)
GLOBEC (GLOBAL OCEAN ECOSYSTEM DYNAMICS PROGRAM);MICRONEKTON (MARINE ORG.)
GLOBEC (GLOBAL OCEAN ECOSYSTEM DYNAMICS PROGRAM);NEKTON (MARINE ORG.)
GLOBEC (GLOBAL OCEAN ECOSYSTEM DYNAMICS PROGRAM);NORTH ATLANTIC OCEAN
GLOBEC (GLOBAL OCEAN ECOSYSTEM DYNAMICS PROGRAM);OCEANOGRAPHY (BIOLOGICAL)
GLOBEC (GLOBAL OCEAN ECOSYSTEM DYNAMICS PROGRAM);SDG 14 (SUST. DEVEL. GOAL - OCEANS)
GLOBEC (GLOBAL OCEAN ECOSYSTEM DYNAMICS PROGRAM);SOUTH WESTERN INDIAN OCEAN
GLOBEC (GLOBAL OCEAN ECOSYSTEM DYNAMICS PROGRAM);UMR MARBEC (MAR. BIODIV. EXPLOIT. CONSERV.)
HABITAT (MARINE);INDIAN OCEAN
HABITAT (MARINE);MARINE MEGAFAUNA
HABITAT (MARINE);MARINE PROTECTED AREA (MPA)
HABITAT (MARINE);MESOPHOTIC - TWILIGHT ZONE (OCEANOGR.)
HABITAT (MARINE);MICRONEKTON (MARINE ORG.)
HABITAT (MARINE);NEKTON (MARINE ORG.)
HABITAT (MARINE);NORTH ATLANTIC OCEAN
HABITAT (MARINE);OCEANOGRAPHY (BIOLOGICAL)
HABITAT (MARINE);SDG 14 (SUST. DEVEL. GOAL - OCEANS)
HABITAT (MARINE);SOUTH WESTERN INDIAN OCEAN
HABITAT (MARINE);UMR MARBEC (MAR. BIODIV. EXPLOIT. CONSERV.)
INDIAN OCEAN;MARINE MEGAFAUNA
INDIAN OCEAN;MARINE PROTECTED AREA (MPA)
INDIAN OCEAN;MESOPHOTIC - TWILIGHT ZONE (OCEANOGR.)
INDIAN OCEAN;MICRONEKTON (MARINE ORG.)
INDIAN OCEAN;NEKTON (MARINE ORG.)
INDIAN OCEAN;NORTH ATLANTIC OCEAN
INDIAN OCEAN;OCEANOGRAPHY (BIOLOGICAL)
INDIAN OCEAN;SDG 14 (SUST. DEVEL. GOAL - OCEANS)
INDIAN OCEAN;SOUTH WESTERN INDIAN OCEAN
INDIAN OCEAN;UMR MARBEC (MAR. BIODIV. EXPLOIT. CONSERV.)
MARINE MEGAFAUNA;MARINE PROTECTED AREA (MPA)
MARINE MEGAFAUNA;MESOPHOTIC - TWILIGHT ZONE (OCEANOGR.)
MARINE MEGAFAUNA;MICRONEKTON (MARINE ORG.)
MARINE MEGAFAUNA;NEKTON (MARINE ORG.)
MARINE MEGAFAUNA;NORTH ATLANTIC OCEAN
MARINE MEGAFAUNA;OCEANOGRAPHY (BIOLOGICAL)
MARINE MEGAFAUNA;SDG 14 (SUST. DEVEL. GOAL - OCEANS)
MARINE MEGAFAUNA;SOUTH WESTERN INDIAN OCEAN
MARINE MEGAFAUNA;UMR MARBEC (MAR. BIODIV. EXPLOIT. CONSERV.)
MARINE PROTECTED AREA (MPA);MESOPHOTIC - TWILIGHT ZONE (OCEANOGR.)
MARINE PROTECTED AREA (MPA);MICRONEKTON (MARINE ORG.)
MARINE PROTECTED AREA (MPA);NEKTON (MARINE ORG.)
MARINE PROTECTED AREA (MPA);NORTH ATLANTIC OCEAN
MARINE PROTECTED AREA (MPA);OCEANOGRAPHY (BIOLOGICAL)
MARINE PROTECTED AREA (MPA);SDG 14 (SUST. DEVEL. GOAL - OCEANS)
MARINE PROTECTED AREA (MPA);SOUTH WESTERN INDIAN OCEAN
MARINE PROTECTED AREA (MPA);UMR MARBEC (MAR. BIODIV. EXPLOIT. CONSERV.)
MESOPHOTIC - TWILIGHT ZONE (OCEANOGR.);MICRONEKTON (MARINE ORG.)
MESOPHOTIC - TWILIGHT ZONE (OCEANOGR.);NEKTON (MARINE ORG.)
MESOPHOTIC - TWILIGHT ZONE (OCEANOGR.);NORTH ATLANTIC OCEAN
MESOPHOTIC - TWILIGHT ZONE (OCEANOGR.);OCEANOGRAPHY (BIOLOGICAL)
MESOPHOTIC - TWILIGHT ZONE (OCEANOGR.);SDG 14 (SUST. DEVEL. GOAL - OCEANS)
MESOPHOTIC - TWILIGHT ZONE (OCEANOGR.);SOUTH WESTERN INDIAN OCEAN
MESOPHOTIC - TWILIGHT ZONE (OCEANOGR.);UMR MARBEC (MAR. BIODIV. EXPLOIT. CONSERV.)
MICRONEKTON (MARINE ORG.);NEKTON (MARINE ORG.)
MICRONEKTON (MARINE ORG.);NORTH ATLANTIC OCEAN
MICRONEKTON (MARINE ORG.);OCEANOGRAPHY (BIOLOGICAL)
MICRONEKTON (MARINE ORG.);SDG 14 (SUST. DEVEL. GOAL - OCEANS)
MICRONEKTON (MARINE ORG.);SOUTH WESTERN INDIAN OCEAN
MICRONEKTON (MARINE ORG.);UMR MARBEC (MAR. BIODIV. EXPLOIT. CONSERV.)
NEKTON (MARINE ORG.);NORTH ATLANTIC OCEAN
NEKTON (MARINE ORG.);OCEANOGRAPHY (BIOLOGICAL)
NEKTON (MARINE ORG.);SDG 14 (SUST. DEVEL. GOAL - OCEANS)
NEKTON (MARINE ORG.);SOUTH WESTERN INDIAN OCEAN
NEKTON (MARINE ORG.);UMR MARBEC (MAR. BIODIV. EXPLOIT. CONSERV.)
NORTH ATLANTIC OCEAN;OCEANOGRAPHY (BIOLOGICAL)
NORTH ATLANTIC OCEAN;SDG 14 (SUST. DEVEL. GOAL - OCEANS)
NORTH ATLANTIC OCEAN;SOUTH WESTERN INDIAN OCEAN
NORTH ATLANTIC OCEAN;UMR MARBEC (MAR. BIODIV. EXPLOIT. CONSERV.)
OCEANOGRAPHY (BIOLOGICAL);SDG 14 (SUST. DEVEL. GOAL - OCEANS)
OCEANOGRAPHY (BIOLOGICAL);SOUTH WESTERN INDIAN OCEAN
OCEANOGRAPHY (BIOLOGICAL);UMR MARBEC (MAR. BIODIV. EXPLOIT. CONSERV.)
SDG 14 (SUST. DEVEL. GOAL - OCEANS);SOUTH WESTERN INDIAN OCEAN
SDG 14 (SUST. DEVEL. GOAL - OCEANS);UMR MARBEC (MAR. BIODIV. EXPLOIT. CONSERV.)
SOUTH WESTERN INDIAN OCEAN;UMR MARBEC (MAR. BIODIV. EXPLOIT. CONSERV.)
HABITAT (MARINE);SDG 14 (SUST. DEVEL. GOAL - OCEANS)
ATLANTIC OCEAN;BIODIVERSITY (MARINE)
ATLANTIC OCEAN;BIOLOGY (MARINE)
ATLANTIC OCEAN;ECOSYSTEM (MARINE)
ATLANTIC OCEAN;INDIAN OCEAN
ATLANTIC OCEAN;MARINE PROTECTED AREA (MPA)
ATLANTIC OCEAN;SDG 14 (SUST. DEVEL. GOAL - OCEANS)
ATLANTIC OCEAN;UMR MARBEC (MAR. BIODIV. EXPLOIT. CONSERV.)
BIODIVERSITY (MARINE);BIOLOGY (MARINE)
BIODIVERSITY (MARINE);ECOSYSTEM (MARINE)
BIODIVERSITY (MARINE);INDIAN OCEAN
BIODIVERSITY (MARINE);MARINE PROTECTED AREA (MPA)
BIODIVERSITY (MARINE);SDG 14 (SUST. DEVEL. GOAL - OCEANS)
BIODIVERSITY (MARINE);UMR MARBEC (MAR. BIODIV. EXPLOIT. CONSERV.)
BIOLOGY (MARINE);ECOSYSTEM (MARINE)
BIOLOGY (MARINE);INDIAN OCEAN
BIOLOGY (MARINE);MARINE PROTECTED AREA (MPA)
BIOLOGY (MARINE);SDG 14 (SUST. DEVEL. GOAL - OCEANS)
BIOLOGY (MARINE);UMR MARBEC (MAR. BIODIV. EXPLOIT. CONSERV.)
ECOSYSTEM (MARINE);INDIAN OCEAN
ECOSYSTEM (MARINE);MARINE PROTECTED AREA (MPA)
ECOSYSTEM (MARINE);SDG 14 (SUST. DEVEL. GOAL - OCEANS)
ECOSYSTEM (MARINE);UMR MARBEC (MAR. BIODIV. EXPLOIT. CONSERV.)
INDIAN OCEAN;MARINE PROTECTED AREA (MPA)
INDIAN OCEAN;SDG 14 (SUST. DEVEL. GOAL - OCEANS)
INDIAN OCEAN;UMR MARBEC (MAR. BIODIV. EXPLOIT. CONSERV.)
MARINE PROTECTED AREA (MPA);SDG 14 (SUST. DEVEL. GOAL - OCEANS)
MARINE PROTECTED AREA (MPA);UMR MARBEC (MAR. BIODIV. EXPLOIT. CONSERV.)
SDG 14 (SUST. DEVEL. GOAL - OCEANS);UMR MARBEC (MAR. BIODIV. EXPLOIT. CONSERV.)
ATLANTIC OCEAN;ATLANTIC OCEAN (INTERTROPICAL)
ATLANTIC OCEAN;BIODIVERSITY (MARINE)
ATLANTIC OCEAN;BIOLOGY (MARINE)
ATLANTIC OCEAN;CENTRAL EAST ATLANTIC OCEAN
ATLANTIC OCEAN;ECOLOGY (MARINE)
ATLANTIC OCEAN;ECOSYSTEM (MARINE)
ATLANTIC OCEAN;HABITAT (MARINE)
ATLANTIC OCEAN;INDIAN OCEAN
ATLANTIC OCEAN;MARINE PROTECTED AREA (MPA)
ATLANTIC OCEAN;OCEANOGRAPHY (BIOLOGICAL)
ATLANTIC OCEAN;SDG 14 (SUST. DEVEL. GOAL - OCEANS)
ATLANTIC OCEAN;SOUTH WESTERN INDIAN OCEAN
ATLANTIC OCEAN;UMR MARBEC (MAR. BIODIV. EXPLOIT. CONSERV.)
ATLANTIC OCEAN (INTERTROPICAL);BIODIVERSITY (MARINE)
ATLANTIC OCEAN (INTERTROPICAL);BIOLOGY (MARINE)
ATLANTIC OCEAN (INTERTROPICAL);CENTRAL EAST ATLANTIC OCEAN
ATLANTIC OCEAN (INTERTROPICAL);ECOLOGY (MARINE)
ATLANTIC OCEAN (INTERTROPICAL);ECOSYSTEM (MARINE)
ATLANTIC OCEAN (INTERTROPICAL);HABITAT (MARINE)
ATLANTIC OCEAN (INTERTROPICAL);INDIAN OCEAN
ATLANTIC OCEAN (INTERTROPICAL);MARINE PROTECTED AREA (MPA)
ATLANTIC OCEAN (INTERTROPICAL);OCEANOGRAPHY (BIOLOGICAL)
ATLANTIC OCEAN (INTERTROPICAL);SDG 14 (SUST. DEVEL. GOAL - OCEANS)
ATLANTIC OCEAN (INTERTROPICAL);SOUTH WESTERN INDIAN OCEAN
ATLANTIC OCEAN (INTERTROPICAL);UMR MARBEC (MAR. BIODIV. EXPLOIT. CONSERV.)
BIODIVERSITY (MARINE);BIOLOGY (MARINE)
BIODIVERSITY (MARINE);CENTRAL EAST ATLANTIC OCEAN
BIODIVERSITY (MARINE);ECOLOGY (MARINE)
BIODIVERSITY (MARINE);ECOSYSTEM (MARINE)
BIODIVERSITY (MARINE);HABITAT (MARINE)
BIODIVERSITY (MARINE);INDIAN OCEAN
BIODIVERSITY (MARINE);MARINE PROTECTED AREA (MPA)
BIODIVERSITY (MARINE);OCEANOGRAPHY (BIOLOGICAL)
BIODIVERSITY (MARINE);SDG 14 (SUST. DEVEL. GOAL - OCEANS)
BIODIVERSITY (MARINE);SOUTH WESTERN INDIAN OCEAN
BIODIVERSITY (MARINE);UMR MARBEC (MAR. BIODIV. EXPLOIT. CONSERV.)
BIOLOGY (MARINE);CENTRAL EAST ATLANTIC OCEAN
BIOLOGY (MARINE);ECOLOGY (MARINE)
BIOLOGY (MARINE);ECOSYSTEM (MARINE)
BIOLOGY (MARINE);HABITAT (MARINE)
BIOLOGY (MARINE);INDIAN OCEAN
BIOLOGY (MARINE);MARINE PROTECTED AREA (MPA)
BIOLOGY (MARINE);OCEANOGRAPHY (BIOLOGICAL)
BIOLOGY (MARINE);SDG 14 (SUST. DEVEL. GOAL - OCEANS)
BIOLOGY (MARINE);SOUTH WESTERN INDIAN OCEAN
BIOLOGY (MARINE);UMR MARBEC (MAR. BIODIV. EXPLOIT. CONSERV.)
CENTRAL EAST ATLANTIC OCEAN;ECOLOGY (MARINE)
CENTRAL EAST ATLANTIC OCEAN;ECOSYSTEM (MARINE)
CENTRAL EAST ATLANTIC OCEAN;HABITAT (MARINE)
CENTRAL EAST ATLANTIC OCEAN;INDIAN OCEAN
CENTRAL EAST ATLANTIC OCEAN;MARINE PROTECTED AREA (MPA)
CENTRAL EAST ATLANTIC OCEAN;OCEANOGRAPHY (BIOLOGICAL)
CENTRAL EAST ATLANTIC OCEAN;SDG 14 (SUST. DEVEL. GOAL - OCEANS)
CENTRAL EAST ATLANTIC OCEAN;SOUTH WESTERN INDIAN OCEAN
CENTRAL EAST ATLANTIC OCEAN;UMR MARBEC (MAR. BIODIV. EXPLOIT. CONSERV.)
ECOLOGY (MARINE);ECOSYSTEM (MARINE)
ECOLOGY (MARINE);HABITAT (MARINE)
ECOLOGY (MARINE);INDIAN OCEAN
ECOLOGY (MARINE);MARINE PROTECTED AREA (MPA)
ECOLOGY (MARINE);OCEANOGRAPHY (BIOLOGICAL)
ECOLOGY (MARINE);SDG 14 (SUST. DEVEL. GOAL - OCEANS)
ECOLOGY (MARINE);SOUTH WESTERN INDIAN OCEAN
ECOLOGY (MARINE);UMR MARBEC (MAR. BIODIV. EXPLOIT. CONSERV.)
ECOSYSTEM (MARINE);HABITAT (MARINE)
ECOSYSTEM (MARINE);INDIAN OCEAN
ECOSYSTEM (MARINE);MARINE PROTECTED AREA (MPA)
ECOSYSTEM (MARINE);OCEANOGRAPHY (BIOLOGICAL)
ECOSYSTEM (MARINE);SDG 14 (SUST. DEVEL. GOAL - OCEANS)
ECOSYSTEM (MARINE);SOUTH WESTERN INDIAN OCEAN
ECOSYSTEM (MARINE);UMR MARBEC (MAR. BIODIV. EXPLOIT. CONSERV.)
HABITAT (MARINE);INDIAN OCEAN
HABITAT (MARINE);MARINE PROTECTED AREA (MPA)
HABITAT (MARINE);OCEANOGRAPHY (BIOLOGICAL)
HABITAT (MARINE);SDG 14 (SUST. DEVEL. GOAL - OCEANS)
HABITAT (MARINE);SOUTH WESTERN INDIAN OCEAN
HABITAT (MARINE);UMR MARBEC (MAR. BIODIV. EXPLOIT. CONSERV.)
INDIAN OCEAN;MARINE PROTECTED AREA (MPA)
INDIAN OCEAN;OCEANOGRAPHY (BIOLOGICAL)
INDIAN OCEAN;SDG 14 (SUST. DEVEL. GOAL - OCEANS)
INDIAN OCEAN;SOUTH WESTERN INDIAN OCEAN
INDIAN OCEAN;UMR MARBEC (MAR. BIODIV. EXPLOIT. CONSERV.)
MARINE PROTECTED AREA (MPA);OCEANOGRAPHY (BIOLOGICAL)
MARINE PROTECTED AREA (MPA);SDG 14 (SUST. DEVEL. GOAL - OCEANS)
MARINE PROTECTED AREA (MPA);SOUTH WESTERN INDIAN OCEAN
MARINE PROTECTED AREA (MPA);UMR MARBEC (MAR. BIODIV. EXPLOIT. CONSERV.)
OCEANOGRAPHY (BIOLOGICAL);SDG 14 (SUST. DEVEL. GOAL - OCEANS)
OCEANOGRAPHY (BIOLOGICAL);SOUTH WESTERN INDIAN OCEAN
OCEANOGRAPHY (BIOLOGICAL);UMR MARBEC (MAR. BIODIV. EXPLOIT. CONSERV.)
SDG 14 (SUST. DEVEL. GOAL - OCEANS);SOUTH WESTERN INDIAN OCEAN
SDG 14 (SUST. DEVEL. GOAL - OCEANS);UMR MARBEC (MAR. BIODIV. EXPLOIT. CONSERV.)
SOUTH WESTERN INDIAN OCEAN;UMR MARBEC (MAR. BIODIV. EXPLOIT. CONSERV.)
BIODIVERSITY (MARINE);ECOLOGY (MARINE)
BIODIVERSITY (MARINE);ECOSYSTEM (MARINE)
BIODIVERSITY (MARINE);ENVIRONMENT (MARINE)
BIODIVERSITY (MARINE);HABITAT (MARINE)
BIODIVERSITY (MARINE);INDIAN OCEAN
BIODIVERSITY (MARINE);MARINE PROTECTED AREA (MPA)
BIODIVERSITY (MARINE);NORTH ATLANTIC OCEAN
BIODIVERSITY (MARINE);SDG 14 (SUST. DEVEL. GOAL - OCEANS)
BIODIVERSITY (MARINE);SOUTH WESTERN INDIAN OCEAN
ECOLOGY (MARINE);ECOSYSTEM (MARINE)
ECOLOGY (MARINE);ENVIRONMENT (MARINE)
ECOLOGY (MARINE);HABITAT (MARINE)
ECOLOGY (MARINE);INDIAN OCEAN
ECOLOGY (MARINE);MARINE PROTECTED AREA (MPA)
ECOLOGY (MARINE);NORTH ATLANTIC OCEAN
ECOLOGY (MARINE);SDG 14 (SUST. DEVEL. GOAL - OCEANS)
ECOLOGY (MARINE);SOUTH WESTERN INDIAN OCEAN
ECOSYSTEM (MARINE);ENVIRONMENT (MARINE)
ECOSYSTEM (MARINE);HABITAT (MARINE)
ECOSYSTEM (MARINE);INDIAN OCEAN
ECOSYSTEM (MARINE);MARINE PROTECTED AREA (MPA)
ECOSYSTEM (MARINE);NORTH ATLANTIC OCEAN
ECOSYSTEM (MARINE);SDG 14 (SUST. DEVEL. GOAL - OCEANS)
ECOSYSTEM (MARINE);SOUTH WESTERN INDIAN OCEAN
ENVIRONMENT (MARINE);HABITAT (MARINE)
ENVIRONMENT (MARINE);INDIAN OCEAN
ENVIRONMENT (MARINE);MARINE PROTECTED AREA (MPA)
ENVIRONMENT (MARINE);NORTH ATLANTIC OCEAN
ENVIRONMENT (MARINE);SDG 14 (SUST. DEVEL. GOAL - OCEANS)
ENVIRONMENT (MARINE);SOUTH WESTERN INDIAN OCEAN
HABITAT (MARINE);INDIAN OCEAN
HABITAT (MARINE);MARINE PROTECTED AREA (MPA)
HABITAT (MARINE);NORTH ATLANTIC OCEAN
HABITAT (MARINE);SDG 14 (SUST. DEVEL. GOAL - OCEANS)
HABITAT (MARINE);SOUTH WESTERN INDIAN OCEAN
INDIAN OCEAN;MARINE PROTECTED AREA (MPA)
INDIAN OCEAN;NORTH ATLANTIC OCEAN
INDIAN OCEAN;SDG 14 (SUST. DEVEL. GOAL - OCEANS)
INDIAN OCEAN;SOUTH WESTERN INDIAN OCEAN
MARINE PROTECTED AREA (MPA);NORTH ATLANTIC OCEAN
MARINE PROTECTED AREA (MPA);SDG 14 (SUST. DEVEL. GOAL - OCEANS)
MARINE PROTECTED AREA (MPA);SOUTH WESTERN INDIAN OCEAN
NORTH ATLANTIC OCEAN;SDG 14 (SUST. DEVEL. GOAL - OCEANS)
NORTH ATLANTIC OCEAN;SOUTH WESTERN INDIAN OCEAN
SDG 14 (SUST. DEVEL. GOAL - OCEANS);SOUTH WESTERN INDIAN OCEAN
ATLANTIC OCEAN;ATLANTIC OCEAN (INTERTROPICAL)
ATLANTIC OCEAN;BIODIVERSITY (MARINE)
ATLANTIC OCEAN;BIOLOGY (MARINE)
ATLANTIC OCEAN;DIEL MIGRATION (MAR. BIOL.)
ATLANTIC OCEAN;ECOLOGY (MARINE)
ATLANTIC OCEAN;ECOSYSTEM (MARINE)
ATLANTIC OCEAN;ENVIRONMENT (MARINE)
ATLANTIC OCEAN;HABITAT (MARINE)
ATLANTIC OCEAN;INDIAN OCEAN
ATLANTIC OCEAN;MARINE PROTECTED AREA (MPA)
ATLANTIC OCEAN;OCEANOGRAPHY
ATLANTIC OCEAN;OCEANOGRAPHY (BIOLOGICAL)
ATLANTIC OCEAN;OCEANOGRAPHY (PHYSICAL)
ATLANTIC OCEAN;SDG 14 (SUST. DEVEL. GOAL - OCEANS)
ATLANTIC OCEAN;SOUTH WESTERN INDIAN OCEAN
ATLANTIC OCEAN;UMR MARBEC (MAR. BIODIV. EXPLOIT. CONSERV.)
ATLANTIC OCEAN (INTERTROPICAL);BIODIVERSITY (MARINE)
ATLANTIC OCEAN (INTERTROPICAL);BIOLOGY (MARINE)
ATLANTIC OCEAN (INTERTROPICAL);DIEL MIGRATION (MAR. BIOL.)
ATLANTIC OCEAN (INTERTROPICAL);ECOLOGY (MARINE)
ATLANTIC OCEAN (INTERTROPICAL);ECOSYSTEM (MARINE)
ATLANTIC OCEAN (INTERTROPICAL);ENVIRONMENT (MARINE)
ATLANTIC OCEAN (INTERTROPICAL);HABITAT (MARINE)
ATLANTIC OCEAN (INTERTROPICAL);INDIAN OCEAN
ATLANTIC OCEAN (INTERTROPICAL);MARINE PROTECTED AREA (MPA)
ATLANTIC OCEAN (INTERTROPICAL);OCEANOGRAPHY
ATLANTIC OCEAN (INTERTROPICAL);OCEANOGRAPHY (BIOLOGICAL)
ATLANTIC OCEAN (INTERTROPICAL);OCEANOGRAPHY (PHYSICAL)
ATLANTIC OCEAN (INTERTROPICAL);SDG 14 (SUST. DEVEL. GOAL - OCEANS)
ATLANTIC OCEAN (INTERTROPICAL);SOUTH WESTERN INDIAN OCEAN
ATLANTIC OCEAN (INTERTROPICAL);UMR MARBEC (MAR. BIODIV. EXPLOIT. CONSERV.)
BIODIVERSITY (MARINE);BIOLOGY (MARINE)
BIODIVERSITY (MARINE);DIEL MIGRATION (MAR. BIOL.)
BIODIVERSITY (MARINE);ECOLOGY (MARINE)
BIODIVERSITY (MARINE);ECOSYSTEM (MARINE)
BIODIVERSITY (MARINE);ENVIRONMENT (MARINE)
BIODIVERSITY (MARINE);HABITAT (MARINE)
BIODIVERSITY (MARINE);INDIAN OCEAN
BIODIVERSITY (MARINE);MARINE PROTECTED AREA (MPA)
BIODIVERSITY (MARINE);OCEANOGRAPHY
BIODIVERSITY (MARINE);OCEANOGRAPHY (BIOLOGICAL)
BIODIVERSITY (MARINE);OCEANOGRAPHY (PHYSICAL)
BIODIVERSITY (MARINE);SDG 14 (SUST. DEVEL. GOAL - OCEANS)
BIODIVERSITY (MARINE);SOUTH WESTERN INDIAN OCEAN
BIODIVERSITY (MARINE);UMR MARBEC (MAR. BIODIV. EXPLOIT. CONSERV.)
BIOLOGY (MARINE);DIEL MIGRATION (MAR. BIOL.)
BIOLOGY (MARINE);ECOLOGY (MARINE)
BIOLOGY (MARINE);ECOSYSTEM (MARINE)
BIOLOGY (MARINE);ENVIRONMENT (MARINE)
BIOLOGY (MARINE);HABITAT (MARINE)
BIOLOGY (MARINE);INDIAN OCEAN
BIOLOGY (MARINE);MARINE PROTECTED AREA (MPA)
BIOLOGY (MARINE);OCEANOGRAPHY
BIOLOGY (MARINE);OCEANOGRAPHY (BIOLOGICAL)
BIOLOGY (MARINE);OCEANOGRAPHY (PHYSICAL)
BIOLOGY (MARINE);SDG 14 (SUST. DEVEL. GOAL - OCEANS)
BIOLOGY (MARINE);SOUTH WESTERN INDIAN OCEAN
BIOLOGY (MARINE);UMR MARBEC (MAR. BIODIV. EXPLOIT. CONSERV.)
DIEL MIGRATION (MAR. BIOL.);ECOLOGY (MARINE)
DIEL MIGRATION (MAR. BIOL.);ECOSYSTEM (MARINE)
DIEL MIGRATION (MAR. BIOL.);ENVIRONMENT (MARINE)
DIEL MIGRATION (MAR. BIOL.);HABITAT (MARINE)
DIEL MIGRATION (MAR. BIOL.);INDIAN OCEAN
DIEL MIGRATION (MAR. BIOL.);MARINE PROTECTED AREA (MPA)
DIEL MIGRATION (MAR. BIOL.);OCEANOGRAPHY
DIEL MIGRATION (MAR. BIOL.);OCEANOGRAPHY (BIOLOGICAL)
DIEL MIGRATION (MAR. BIOL.);OCEANOGRAPHY (PHYSICAL)
DIEL MIGRATION (MAR. BIOL.);SDG 14 (SUST. DEVEL. GOAL - OCEANS)
DIEL MIGRATION (MAR. BIOL.);SOUTH WESTERN INDIAN OCEAN
DIEL MIGRATION (MAR. BIOL.);UMR MARBEC (MAR. BIODIV. EXPLOIT. CONSERV.)
ECOLOGY (MARINE);ECOSYSTEM (MARINE)
ECOLOGY (MARINE);ENVIRONMENT (MARINE)
ECOLOGY (MARINE);HABITAT (MARINE)
ECOLOGY (MARINE);INDIAN OCEAN
ECOLOGY (MARINE);MARINE PROTECTED AREA (MPA)
ECOLOGY (MARINE);OCEANOGRAPHY
ECOLOGY (MARINE);OCEANOGRAPHY (BIOLOGICAL)
ECOLOGY (MARINE);OCEANOGRAPHY (PHYSICAL)
ECOLOGY (MARINE);SDG 14 (SUST. DEVEL. GOAL - OCEANS)
ECOLOGY (MARINE);SOUTH WESTERN INDIAN OCEAN
ECOLOGY (MARINE);UMR MARBEC (MAR. BIODIV. EXPLOIT. CONSERV.)
ECOSYSTEM (MARINE);ENVIRONMENT (MARINE)
ECOSYSTEM (MARINE);HABITAT (MARINE)
ECOSYSTEM (MARINE);INDIAN OCEAN
ECOSYSTEM (MARINE);MARINE PROTECTED AREA (MPA)
ECOSYSTEM (MARINE);OCEANOGRAPHY
ECOSYSTEM (MARINE);OCEANOGRAPHY (BIOLOGICAL)
ECOSYSTEM (MARINE);OCEANOGRAPHY (PHYSICAL)
ECOSYSTEM (MARINE);SDG 14 (SUST. DEVEL. GOAL - OCEANS)
ECOSYSTEM (MARINE);SOUTH WESTERN INDIAN OCEAN
ECOSYSTEM (MARINE);UMR MARBEC (MAR. BIODIV. EXPLOIT. CONSERV.)
ENVIRONMENT (MARINE);HABITAT (MARINE)
ENVIRONMENT (MARINE);INDIAN OCEAN
ENVIRONMENT (MARINE);MARINE PROTECTED AREA (MPA)
ENVIRONMENT (MARINE);OCEANOGRAPHY
ENVIRONMENT (MARINE);OCEANOGRAPHY (BIOLOGICAL)
ENVIRONMENT (MARINE);OCEANOGRAPHY (PHYSICAL)
ENVIRONMENT (MARINE);SDG 14 (SUST. DEVEL. GOAL - OCEANS)
ENVIRONMENT (MARINE);SOUTH WESTERN INDIAN OCEAN
ENVIRONMENT (MARINE);UMR MARBEC (MAR. BIODIV. EXPLOIT. CONSERV.)
HABITAT (MARINE);INDIAN OCEAN
HABITAT (MARINE);MARINE PROTECTED AREA (MPA)
HABITAT (MARINE);OCEANOGRAPHY
HABITAT (MARINE);OCEANOGRAPHY (BIOLOGICAL)
HABITAT (MARINE);OCEANOGRAPHY (PHYSICAL)
HABITAT (MARINE);SDG 14 (SUST. DEVEL. GOAL - OCEANS)
HABITAT (MARINE);SOUTH WESTERN INDIAN OCEAN
HABITAT (MARINE);UMR MARBEC (MAR. BIODIV. EXPLOIT. CONSERV.)
INDIAN OCEAN;MARINE PROTECTED AREA (MPA)
INDIAN OCEAN;OCEANOGRAPHY
INDIAN OCEAN;OCEANOGRAPHY (BIOLOGICAL)
INDIAN OCEAN;OCEANOGRAPHY (PHYSICAL)
INDIAN OCEAN;SDG 14 (SUST. DEVEL. GOAL - OCEANS)
INDIAN OCEAN;SOUTH WESTERN INDIAN OCEAN
INDIAN OCEAN;UMR MARBEC (MAR. BIODIV. EXPLOIT. CONSERV.)
MARINE PROTECTED AREA (MPA);OCEANOGRAPHY
MARINE PROTECTED AREA (MPA);OCEANOGRAPHY (BIOLOGICAL)
MARINE PROTECTED AREA (MPA);OCEANOGRAPHY (PHYSICAL)
MARINE PROTECTED AREA (MPA);SDG 14 (SUST. DEVEL. GOAL - OCEANS)
MARINE PROTECTED AREA (MPA);SOUTH WESTERN INDIAN OCEAN
MARINE PROTECTED AREA (MPA);UMR MARBEC (MAR. BIODIV. EXPLOIT. CONSERV.)
OCEANOGRAPHY;OCEANOGRAPHY (BIOLOGICAL)
OCEANOGRAPHY;OCEANOGRAPHY (PHYSICAL)
OCEANOGRAPHY;SDG 14 (SUST. DEVEL. GOAL - OCEANS)
OCEANOGRAPHY;SOUTH WESTERN INDIAN OCEAN
OCEANOGRAPHY;UMR MARBEC (MAR. BIODIV. EXPLOIT. CONSERV.)
OCEANOGRAPHY (BIOLOGICAL);OCEANOGRAPHY (PHYSICAL)
OCEANOGRAPHY (BIOLOGICAL);SDG 14 (SUST. DEVEL. GOAL - OCEANS)
OCEANOGRAPHY (BIOLOGICAL);SOUTH WESTERN INDIAN OCEAN
OCEANOGRAPHY (BIOLOGICAL);UMR MARBEC (MAR. BIODIV. EXPLOIT. CONSERV.)
OCEANOGRAPHY (PHYSICAL);SDG 14 (SUST. DEVEL. GOAL - OCEANS)
OCEANOGRAPHY (PHYSICAL);SOUTH WESTERN INDIAN OCEAN
OCEANOGRAPHY (PHYSICAL);UMR MARBEC (MAR. BIODIV. EXPLOIT. CONSERV.)
SDG 14 (SUST. DEVEL. GOAL - OCEANS);SOUTH WESTERN INDIAN OCEAN
SDG 14 (SUST. DEVEL. GOAL - OCEANS);UMR MARBEC (MAR. BIODIV. EXPLOIT. CONSERV.)
SOUTH WESTERN INDIAN OCEAN;UMR MARBEC (MAR. BIODIV. EXPLOIT. CONSERV.)
ATLANTIC OCEAN;BIODIVERSITY (MARINE)
ATLANTIC OCEAN;BIOLOGY (MARINE)
ATLANTIC OCEAN;BIOMASS (OCEAN)
ATLANTIC OCEAN;ECOLOGY (MARINE)
ATLANTIC OCEAN;ECOSYSTEM (MARINE)
ATLANTIC OCEAN;ENVIRONMENT (MARINE)
ATLANTIC OCEAN;GLOBAL OCEAN
ATLANTIC OCEAN;NORTH ATLANTIC OCEAN
ATLANTIC OCEAN;OCEAN CIRCULATION
ATLANTIC OCEAN;OCEANIC CONVECTION
ATLANTIC OCEAN;OCEANOGRAPHY
ATLANTIC OCEAN;OCEANOGRAPHY (BIOLOGICAL)
ATLANTIC OCEAN;OCEANOGRAPHY (PHYSICAL)
ATLANTIC OCEAN;SDG 14 (SUST. DEVEL. GOAL - OCEANS)
ATLANTIC OCEAN;UMR MARBEC (MAR. BIODIV. EXPLOIT. CONSERV.)
BIODIVERSITY (MARINE);BIOLOGY (MARINE)
BIODIVERSITY (MARINE);BIOMASS (OCEAN)
BIODIVERSITY (MARINE);ECOLOGY (MARINE)
BIODIVERSITY (MARINE);ECOSYSTEM (MARINE)
BIODIVERSITY (MARINE);ENVIRONMENT (MARINE)
BIODIVERSITY (MARINE);GLOBAL OCEAN
BIODIVERSITY (MARINE);NORTH ATLANTIC OCEAN
BIODIVERSITY (MARINE);OCEAN CIRCULATION
BIODIVERSITY (MARINE);OCEANIC CONVECTION
BIODIVERSITY (MARINE);OCEANOGRAPHY
BIODIVERSITY (MARINE);OCEANOGRAPHY (BIOLOGICAL)
BIODIVERSITY (MARINE);OCEANOGRAPHY (PHYSICAL)
BIODIVERSITY (MARINE);SDG 14 (SUST. DEVEL. GOAL - OCEANS)
BIODIVERSITY (MARINE);UMR MARBEC (MAR. BIODIV. EXPLOIT. CONSERV.)
BIOLOGY (MARINE);BIOMASS (OCEAN)
BIOLOGY (MARINE);ECOLOGY (MARINE)
BIOLOGY (MARINE);ECOSYSTEM (MARINE)
BIOLOGY (MARINE);ENVIRONMENT (MARINE)
BIOLOGY (MARINE);GLOBAL OCEAN
BIOLOGY (MARINE);NORTH ATLANTIC OCEAN
BIOLOGY (MARINE);OCEAN CIRCULATION
BIOLOGY (MARINE);OCEANIC CONVECTION
BIOLOGY (MARINE);OCEANOGRAPHY
BIOLOGY (MARINE);OCEANOGRAPHY (BIOLOGICAL)
BIOLOGY (MARINE);OCEANOGRAPHY (PHYSICAL)
BIOLOGY (MARINE);SDG 14 (SUST. DEVEL. GOAL - OCEANS)
BIOLOGY (MARINE);UMR MARBEC (MAR. BIODIV. EXPLOIT. CONSERV.)
BIOMASS (OCEAN);ECOLOGY (MARINE)
BIOMASS (OCEAN);ECOSYSTEM (MARINE)
BIOMASS (OCEAN);ENVIRONMENT (MARINE)
BIOMASS (OCEAN);GLOBAL OCEAN
BIOMASS (OCEAN);NORTH ATLANTIC OCEAN
BIOMASS (OCEAN);OCEAN CIRCULATION
BIOMASS (OCEAN);OCEANIC CONVECTION
BIOMASS (OCEAN);OCEANOGRAPHY
BIOMASS (OCEAN);OCEANOGRAPHY (BIOLOGICAL)
BIOMASS (OCEAN);OCEANOGRAPHY (PHYSICAL)
BIOMASS (OCEAN);SDG 14 (SUST. DEVEL. GOAL - OCEANS)
BIOMASS (OCEAN);UMR MARBEC (MAR. BIODIV. EXPLOIT. CONSERV.)
ECOLOGY (MARINE);ECOSYSTEM (MARINE)
ECOLOGY (MARINE);ENVIRONMENT (MARINE)
ECOLOGY (MARINE);GLOBAL OCEAN
ECOLOGY (MARINE);NORTH ATLANTIC OCEAN
ECOLOGY (MARINE);OCEAN CIRCULATION
ECOLOGY (MARINE);OCEANIC CONVECTION
ECOLOGY (MARINE);OCEANOGRAPHY
ECOLOGY (MARINE);OCEANOGRAPHY (BIOLOGICAL)
ECOLOGY (MARINE);OCEANOGRAPHY (PHYSICAL)
ECOLOGY (MARINE);SDG 14 (SUST. DEVEL. GOAL - OCEANS)
ECOLOGY (MARINE);UMR MARBEC (MAR. BIODIV. EXPLOIT. CONSERV.)
ECOSYSTEM (MARINE);ENVIRONMENT (MARINE)
ECOSYSTEM (MARINE);GLOBAL OCEAN
ECOSYSTEM (MARINE);NORTH ATLANTIC OCEAN
ECOSYSTEM (MARINE);OCEAN CIRCULATION
ECOSYSTEM (MARINE);OCEANIC CONVECTION
ECOSYSTEM (MARINE);OCEANOGRAPHY
ECOSYSTEM (MARINE);OCEANOGRAPHY (BIOLOGICAL)
ECOSYSTEM (MARINE);OCEANOGRAPHY (PHYSICAL)
ECOSYSTEM (MARINE);SDG 14 (SUST. DEVEL. GOAL - OCEANS)
ECOSYSTEM (MARINE);UMR MARBEC (MAR. BIODIV. EXPLOIT. CONSERV.)
ENVIRONMENT (MARINE);GLOBAL OCEAN
ENVIRONMENT (MARINE);NORTH ATLANTIC OCEAN
ENVIRONMENT (MARINE);OCEAN CIRCULATION
ENVIRONMENT (MARINE);OCEANIC CONVECTION
ENVIRONMENT (MARINE);OCEANOGRAPHY
ENVIRONMENT (MARINE);OCEANOGRAPHY (BIOLOGICAL)
ENVIRONMENT (MARINE);OCEANOGRAPHY (PHYSICAL)
ENVIRONMENT (MARINE);SDG 14 (SUST. DEVEL. GOAL - OCEANS)
ENVIRONMENT (MARINE);UMR MARBEC (MAR. BIODIV. EXPLOIT. CONSERV.)
GLOBAL OCEAN;NORTH ATLANTIC OCEAN
GLOBAL OCEAN;OCEAN CIRCULATION
GLOBAL OCEAN;OCEANIC CONVECTION
GLOBAL OCEAN;OCEANOGRAPHY
GLOBAL OCEAN;OCEANOGRAPHY (BIOLOGICAL)
GLOBAL OCEAN;OCEANOGRAPHY (PHYSICAL)
GLOBAL OCEAN;SDG 14 (SUST. DEVEL. GOAL - OCEANS)
GLOBAL OCEAN;UMR MARBEC (MAR. BIODIV. EXPLOIT. CONSERV.)
NORTH ATLANTIC OCEAN;OCEAN CIRCULATION
NORTH ATLANTIC OCEAN;OCEANIC CONVECTION
NORTH ATLANTIC OCEAN;OCEANOGRAPHY
NORTH ATLANTIC OCEAN;OCEANOGRAPHY (BIOLOGICAL)
NORTH ATLANTIC OCEAN;OCEANOGRAPHY (PHYSICAL)
NORTH ATLANTIC OCEAN;SDG 14 (SUST. DEVEL. GOAL - OCEANS)
NORTH ATLANTIC OCEAN;UMR MARBEC (MAR. BIODIV. EXPLOIT. CONSERV.)
OCEAN CIRCULATION;OCEANIC CONVECTION
OCEAN CIRCULATION;OCEANOGRAPHY
OCEAN CIRCULATION;OCEANOGRAPHY (BIOLOGICAL)
OCEAN CIRCULATION;OCEANOGRAPHY (PHYSICAL)
OCEAN CIRCULATION;SDG 14 (SUST. DEVEL. GOAL - OCEANS)
OCEAN CIRCULATION;UMR MARBEC (MAR. BIODIV. EXPLOIT. CONSERV.)
OCEANIC CONVECTION;OCEANOGRAPHY
OCEANIC CONVECTION;OCEANOGRAPHY (BIOLOGICAL)
OCEANIC CONVECTION;OCEANOGRAPHY (PHYSICAL)
OCEANIC CONVECTION;SDG 14 (SUST. DEVEL. GOAL - OCEANS)
OCEANIC CONVECTION;UMR MARBEC (MAR. BIODIV. EXPLOIT. CONSERV.)
OCEANOGRAPHY;OCEANOGRAPHY (BIOLOGICAL)
OCEANOGRAPHY;OCEANOGRAPHY (PHYSICAL)
OCEANOGRAPHY;SDG 14 (SUST. DEVEL. GOAL - OCEANS)
OCEANOGRAPHY;UMR MARBEC (MAR. BIODIV. EXPLOIT. CONSERV.)
OCEANOGRAPHY (BIOLOGICAL);OCEANOGRAPHY (PHYSICAL)
OCEANOGRAPHY (BIOLOGICAL);SDG 14 (SUST. DEVEL. GOAL - OCEANS)
OCEANOGRAPHY (BIOLOGICAL);UMR MARBEC (MAR. BIODIV. EXPLOIT. CONSERV.)
OCEANOGRAPHY (PHYSICAL);SDG 14 (SUST. DEVEL. GOAL - OCEANS)
OCEANOGRAPHY (PHYSICAL);UMR MARBEC (MAR. BIODIV. EXPLOIT. CONSERV.)
SDG 14 (SUST. DEVEL. GOAL - OCEANS);UMR MARBEC (MAR. BIODIV. EXPLOIT. CONSERV.)
SDG 14 (SUST. DEVEL. GOAL - OCEANS);UMR ENTROPIE (TROPIC. MAR. ECOL. PACIFIC INDIAN OCEANS)
BIODIVERSITY (MARINE);ECOLOGY (MARINE)
BIODIVERSITY (MARINE);ECOSYSTEM (MARINE)
BIODIVERSITY (MARINE);ENVIRONMENT (MARINE)
BIODIVERSITY (MARINE);INDIAN OCEAN
BIODIVERSITY (MARINE);MARINE PROTECTED AREA (MPA)
BIODIVERSITY (MARINE);SDG 14 (SUST. DEVEL. GOAL - OCEANS)
BIODIVERSITY (MARINE);SOUTH WESTERN INDIAN OCEAN
BIODIVERSITY (MARINE);SOUTH WESTERN TROPICAL PACIFIC OCEAN
BIODIVERSITY (MARINE);UMR ENTROPIE (TROPIC. MAR. ECOL. PACIFIC INDIAN OCEANS)
ECOLOGY (MARINE);ECOSYSTEM (MARINE)
ECOLOGY (MARINE);ENVIRONMENT (MARINE)
ECOLOGY (MARINE);INDIAN OCEAN
ECOLOGY (MARINE);MARINE PROTECTED AREA (MPA)
ECOLOGY (MARINE);SDG 14 (SUST. DEVEL. GOAL - OCEANS)
ECOLOGY (MARINE);SOUTH WESTERN INDIAN OCEAN
ECOLOGY (MARINE);SOUTH WESTERN TROPICAL PACIFIC OCEAN
ECOLOGY (MARINE);UMR ENTROPIE (TROPIC. MAR. ECOL. PACIFIC INDIAN OCEANS)
ECOSYSTEM (MARINE);ENVIRONMENT (MARINE)
ECOSYSTEM (MARINE);INDIAN OCEAN
ECOSYSTEM (MARINE);MARINE PROTECTED AREA (MPA)
ECOSYSTEM (MARINE);SDG 14 (SUST. DEVEL. GOAL - OCEANS)
ECOSYSTEM (MARINE);SOUTH WESTERN INDIAN OCEAN
ECOSYSTEM (MARINE);SOUTH WESTERN TROPICAL PACIFIC OCEAN
ECOSYSTEM (MARINE);UMR ENTROPIE (TROPIC. MAR. ECOL. PACIFIC INDIAN OCEANS)
ENVIRONMENT (MARINE);INDIAN OCEAN
ENVIRONMENT (MARINE);MARINE PROTECTED AREA (MPA)
ENVIRONMENT (MARINE);SDG 14 (SUST. DEVEL. GOAL - OCEANS)
ENVIRONMENT (MARINE);SOUTH WESTERN INDIAN OCEAN
ENVIRONMENT (MARINE);SOUTH WESTERN TROPICAL PACIFIC OCEAN
ENVIRONMENT (MARINE);UMR ENTROPIE (TROPIC. MAR. ECOL. PACIFIC INDIAN OCEANS)
INDIAN OCEAN;MARINE PROTECTED AREA (MPA)
INDIAN OCEAN;SDG 14 (SUST. DEVEL. GOAL - OCEANS)
INDIAN OCEAN;SOUTH WESTERN INDIAN OCEAN
INDIAN OCEAN;SOUTH WESTERN TROPICAL PACIFIC OCEAN
INDIAN OCEAN;UMR ENTROPIE (TROPIC. MAR. ECOL. PACIFIC INDIAN OCEANS)
MARINE PROTECTED AREA (MPA);SDG 14 (SUST. DEVEL. GOAL - OCEANS)
MARINE PROTECTED AREA (MPA);SOUTH WESTERN INDIAN OCEAN
MARINE PROTECTED AREA (MPA);SOUTH WESTERN TROPICAL PACIFIC OCEAN
MARINE PROTECTED AREA (MPA);UMR ENTROPIE (TROPIC. MAR. ECOL. PACIFIC INDIAN OCEANS)
SDG 14 (SUST. DEVEL. GOAL - OCEANS);SOUTH WESTERN INDIAN OCEAN
SDG 14 (SUST. DEVEL. GOAL - OCEANS);SOUTH WESTERN TROPICAL PACIFIC OCEAN
SDG 14 (SUST. DEVEL. GOAL - OCEANS);UMR ENTROPIE (TROPIC. MAR. ECOL. PACIFIC INDIAN OCEANS)
SOUTH WESTERN INDIAN OCEAN;SOUTH WESTERN TROPICAL PACIFIC OCEAN
SOUTH WESTERN INDIAN OCEAN;UMR ENTROPIE (TROPIC. MAR. ECOL. PACIFIC INDIAN OCEANS)
SOUTH WESTERN TROPICAL PACIFIC OCEAN;UMR ENTROPIE (TROPIC. MAR. ECOL. PACIFIC INDIAN OCEANS)
BIOMASS (OCEAN);OCEAN CIRCULATION
BIOMASS (OCEAN);OCEANIC CONVECTION
BIOMASS (OCEAN);OCEANOGRAPHY
BIOMASS (OCEAN);OCEANOGRAPHY (PHYSICAL)
BIOMASS (OCEAN);SDG 14 (SUST. DEVEL. GOAL - OCEANS)
BIOMASS (OCEAN);UMR LEGOS (SPACE GEOPHYS. OCEANOGR. STUDIES LAB.)
OCEAN CIRCULATION;OCEANIC CONVECTION
OCEAN CIRCULATION;OCEANOGRAPHY
OCEAN CIRCULATION;OCEANOGRAPHY (PHYSICAL)
OCEAN CIRCULATION;SDG 14 (SUST. DEVEL. GOAL - OCEANS)
OCEAN CIRCULATION;UMR LEGOS (SPACE GEOPHYS. OCEANOGR. STUDIES LAB.)
OCEANIC CONVECTION;OCEANOGRAPHY
OCEANIC CONVECTION;OCEANOGRAPHY (PHYSICAL)
OCEANIC CONVECTION;SDG 14 (SUST. DEVEL. GOAL - OCEANS)
OCEANIC CONVECTION;UMR LEGOS (SPACE GEOPHYS. OCEANOGR. STUDIES LAB.)
OCEANOGRAPHY;OCEANOGRAPHY (PHYSICAL)
OCEANOGRAPHY;SDG 14 (SUST. DEVEL. GOAL - OCEANS)
OCEANOGRAPHY;UMR LEGOS (SPACE GEOPHYS. OCEANOGR. STUDIES LAB.)
OCEANOGRAPHY (PHYSICAL);SDG 14 (SUST. DEVEL. GOAL - OCEANS)
OCEANOGRAPHY (PHYSICAL);UMR LEGOS (SPACE GEOPHYS. OCEANOGR. STUDIES LAB.)
SDG 14 (SUST. DEVEL. GOAL - OCEANS);UMR LEGOS (SPACE GEOPHYS. OCEANOGR. STUDIES LAB.)
INDIAN OCEAN;MARINE PROTECTED AREA (MPA)
ATLANTIC OCEAN;MARINE PROTECTED AREA (MPA)
ATLANTIC OCEAN (INTERTROPICAL);CENTRAL EAST ATLANTIC OCEAN
ATLANTIC OCEAN (INTERTROPICAL);CENTRAL SOUTH PACIFIC OCEAN
ATLANTIC OCEAN (INTERTROPICAL);DIEL MIGRATION (MAR. BIOL.)
ATLANTIC OCEAN (INTERTROPICAL);ECOLOGY (MARINE)
ATLANTIC OCEAN (INTERTROPICAL);INDIAN OCEAN
ATLANTIC OCEAN (INTERTROPICAL);MARINE MEGAFAUNA
ATLANTIC OCEAN (INTERTROPICAL);SDG 14 (SUST. DEVEL. GOAL - OCEANS)
ATLANTIC OCEAN (INTERTROPICAL);SOUTH WESTERN INDIAN OCEAN
ATLANTIC OCEAN (INTERTROPICAL);UMR MARBEC (MAR. BIODIV. EXPLOIT. CONSERV.)
CENTRAL EAST ATLANTIC OCEAN;CENTRAL SOUTH PACIFIC OCEAN
CENTRAL EAST ATLANTIC OCEAN;DIEL MIGRATION (MAR. BIOL.)
CENTRAL EAST ATLANTIC OCEAN;ECOLOGY (MARINE)
CENTRAL EAST ATLANTIC OCEAN;INDIAN OCEAN
CENTRAL EAST ATLANTIC OCEAN;MARINE MEGAFAUNA
CENTRAL EAST ATLANTIC OCEAN;SDG 14 (SUST. DEVEL. GOAL - OCEANS)
CENTRAL EAST ATLANTIC OCEAN;SOUTH WESTERN INDIAN OCEAN
CENTRAL EAST ATLANTIC OCEAN;UMR MARBEC (MAR. BIODIV. EXPLOIT. CONSERV.)
CENTRAL SOUTH PACIFIC OCEAN;DIEL MIGRATION (MAR. BIOL.)
CENTRAL SOUTH PACIFIC OCEAN;ECOLOGY (MARINE)
CENTRAL SOUTH PACIFIC OCEAN;INDIAN OCEAN
CENTRAL SOUTH PACIFIC OCEAN;MARINE MEGAFAUNA
CENTRAL SOUTH PACIFIC OCEAN;SDG 14 (SUST. DEVEL. GOAL - OCEANS)
CENTRAL SOUTH PACIFIC OCEAN;SOUTH WESTERN INDIAN OCEAN
CENTRAL SOUTH PACIFIC OCEAN;UMR MARBEC (MAR. BIODIV. EXPLOIT. CONSERV.)
DIEL MIGRATION (MAR. BIOL.);ECOLOGY (MARINE)
DIEL MIGRATION (MAR. BIOL.);INDIAN OCEAN
DIEL MIGRATION (MAR. BIOL.);MARINE MEGAFAUNA
DIEL MIGRATION (MAR. BIOL.);SDG 14 (SUST. DEVEL. GOAL - OCEANS)
DIEL MIGRATION (MAR. BIOL.);SOUTH WESTERN INDIAN OCEAN
DIEL MIGRATION (MAR. BIOL.);UMR MARBEC (MAR. BIODIV. EXPLOIT. CONSERV.)
ECOLOGY (MARINE);INDIAN OCEAN
ECOLOGY (MARINE);MARINE MEGAFAUNA
ECOLOGY (MARINE);SDG 14 (SUST. DEVEL. GOAL - OCEANS)
ECOLOGY (MARINE);SOUTH WESTERN INDIAN OCEAN
ECOLOGY (MARINE);UMR MARBEC (MAR. BIODIV. EXPLOIT. CONSERV.)
INDIAN OCEAN;MARINE MEGAFAUNA
INDIAN OCEAN;SDG 14 (SUST. DEVEL. GOAL - OCEANS)
INDIAN OCEAN;SOUTH WESTERN INDIAN OCEAN
INDIAN OCEAN;UMR MARBEC (MAR. BIODIV. EXPLOIT. CONSERV.)
MARINE MEGAFAUNA;SDG 14 (SUST. DEVEL. GOAL - OCEANS)
MARINE MEGAFAUNA;SOUTH WESTERN INDIAN OCEAN
MARINE MEGAFAUNA;UMR MARBEC (MAR. BIODIV. EXPLOIT. CONSERV.)
SDG 14 (SUST. DEVEL. GOAL - OCEANS);SOUTH WESTERN INDIAN OCEAN
SDG 14 (SUST. DEVEL. GOAL - OCEANS);UMR MARBEC (MAR. BIODIV. EXPLOIT. CONSERV.)
SOUTH WESTERN INDIAN OCEAN;UMR MARBEC (MAR. BIODIV. EXPLOIT. CONSERV.)
