ECOLOGY (MARINE);ECOSYSTEM (MARINE)
ECOLOGY (MARINE);ENVIRONMENT (MARINE)
ECOLOGY (MARINE);UMR MIO (MEDITER. INST. OCEANOGR.)
ECOSYSTEM (MARINE);ENVIRONMENT (MARINE)
ECOSYSTEM (MARINE);UMR MIO (MEDITER. INST. OCEANOGR.)
ENVIRONMENT (MARINE);UMR MIO (MEDITER. INST. OCEANOGR.)
BIODIVERSITY (MARINE);BIOLOGY (MARINE)
BIODIVERSITY (MARINE);ECOLOGY (MARINE)
BIODIVERSITY (MARINE);ECOSYSTEM (MARINE)
BIODIVERSITY (MARINE);ENVIRONMENT (MARINE)
BIODIVERSITY (MARINE);HABITAT (MARINE)
BIODIVERSITY (MARINE);UMR MARBEC (MAR. BIODIV. EXPLOIT. CONSERV.)
BIOLOGY (MARINE);ECOLOGY (MARINE)
BIOLOGY (MARINE);ECOSYSTEM (MARINE)
BIOLOGY (MARINE);ENVIRONMENT (MARINE)
BIOLOGY (MARINE);HABITAT (MARINE)
BIOLOGY (MARINE);UMR MARBEC (MAR. BIODIV. EXPLOIT. CONSERV.)
ECOLOGY (MARINE);ECOSYSTEM (MARINE)
ECOLOGY (MARINE);ENVIRONMENT (MARINE)
ECOLOGY (MARINE);HABITAT (MARINE)
ECOLOGY (MARINE);UMR MARBEC (MAR. BIODIV. EXPLOIT. CONSERV.)
ECOSYSTEM (MARINE);ENVIRONMENT (MARINE)
ECOSYSTEM (MARINE);HABITAT (MARINE)
ECOSYSTEM (MARINE);UMR MARBEC (MAR. BIODIV. EXPLOIT. CONSERV.)
ENVIRONMENT (MARINE);HABITAT (MARINE)
ENVIRONMENT (MARINE);UMR MARBEC (MAR. BIODIV. EXPLOIT. CONSERV.)
HABITAT (MARINE);UMR MARBEC (MAR. BIODIV. EXPLOIT. CONSERV.)
ECOLOGY (MARINE);MARINE MEGAFAUNA
ECOLOGY (MARINE);UMR MARBEC (MAR. BIODIV. EXPLOIT. CONSERV.)
MARINE MEGAFAUNA;UMR MARBEC (MAR. BIODIV. EXPLOIT. CONSERV.)
ECOLOGY (MARINE);ECOSYSTEM (MARINE)
ECOLOGY (MARINE);UMR MARBEC (MAR. BIODIV. EXPLOIT. CONSERV.)
ECOSYSTEM (MARINE);UMR MARBEC (MAR. BIODIV. EXPLOIT. CONSERV.)
BIOLOGY (MARINE);ECOLOGY (MARINE)
BIOLOGY (MARINE);ECOSYSTEM (MARINE)
BIOLOGY (MARINE);ENVIRONMENT (MARINE)
BIOLOGY (MARINE);HABITAT (MARINE)
BIOLOGY (MARINE);MARINE PROTECTED AREA (MPA)
BIOLOGY (MARINE);UMR LEMAR (MAR. ENVIRON. SCI. LAB.)
ECOLOGY (MARINE);ECOSYSTEM (MARINE)
ECOLOGY (MARINE);ENVIRONMENT (MARINE)
ECOLOGY (MARINE);HABITAT (MARINE)
ECOLOGY (MARINE);MARINE PROTECTED AREA (MPA)
ECOLOGY (MARINE);UMR LEMAR (MAR. ENVIRON. SCI. LAB.)
ECOSYSTEM (MARINE);ENVIRONMENT (MARINE)
ECOSYSTEM (MARINE);HABITAT (MARINE)
ECOSYSTEM (MARINE);MARINE PROTECTED AREA (MPA)
ECOSYSTEM (MARINE);UMR LEMAR (MAR. ENVIRON. SCI. LAB.)
ENVIRONMENT (MARINE);HABITAT (MARINE)
ENVIRONMENT (MARINE);MARINE PROTECTED AREA (MPA)
ENVIRONMENT (MARINE);UMR LEMAR (MAR. ENVIRON. SCI. LAB.)
HABITAT (MARINE);MARINE PROTECTED AREA (MPA)
HABITAT (MARINE);UMR LEMAR (MAR. ENVIRON. SCI. LAB.)
MARINE PROTECTED AREA (MPA);UMR LEMAR (MAR. ENVIRON. SCI. LAB.)
BIODIVERSITY (MARINE);ECOLOGY (MARINE)
BIODIVERSITY (MARINE);ECOSYSTEM (MARINE)
BIODIVERSITY (MARINE);ENVIRONMENT (MARINE)
BIODIVERSITY (MARINE);MARINE PROTECTED AREA (MPA)
BIODIVERSITY (MARINE);MICRONEKTON (MARINE ORG.)
BIODIVERSITY (MARINE);NEKTON (MARINE ORG.)
BIODIVERSITY (MARINE);UMR LEMAR (MAR. ENVIRON. SCI. LAB.)
ECOLOGY (MARINE);ECOSYSTEM (MARINE)
ECOLOGY (MARINE);ENVIRONMENT (MARINE)
ECOLOGY (MARINE);MARINE PROTECTED AREA (MPA)
ECOLOGY (MARINE);MICRONEKTON (MARINE ORG.)
ECOLOGY (MARINE);NEKTON (MARINE ORG.)
ECOLOGY (MARINE);UMR LEMAR (MAR. ENVIRON. SCI. LAB.)
ECOSYSTEM (MARINE);ENVIRONMENT (MARINE)
ECOSYSTEM (MARINE);MARINE PROTECTED AREA (MPA)
ECOSYSTEM (MARINE);MICRONEKTON (MARINE ORG.)
ECOSYSTEM (MARINE);NEKTON (MARINE ORG.)
ECOSYSTEM (MARINE);UMR LEMAR (MAR. ENVIRON. SCI. LAB.)
ENVIRONMENT (MARINE);MARINE PROTECTED AREA (MPA)
ENVIRONMENT (MARINE);MICRONEKTON (MARINE ORG.)
ENVIRONMENT (MARINE);NEKTON (MARINE ORG.)
ENVIRONMENT (MARINE);UMR LEMAR (MAR. ENVIRON. SCI. LAB.)
MARINE PROTECTED AREA (MPA);MICRONEKTON (MARINE ORG.)
MARINE PROTECTED AREA (MPA);NEKTON (MARINE ORG.)
MARINE PROTECTED AREA (MPA);UMR LEMAR (MAR. ENVIRON. SCI. LAB.)
MICRONEKTON (MARINE ORG.);NEKTON (MARINE ORG.)
MICRONEKTON (MARINE ORG.);UMR LEMAR (MAR. ENVIRON. SCI. LAB.)
NEKTON (MARINE ORG.);UMR LEMAR (MAR. ENVIRON. SCI. LAB.)
ECOLOGY (MARINE);ECOSYSTEM (MARINE)
ECOLOGY (MARINE);ENVIRONMENT (MARINE)
ECOLOGY (MARINE);UMR CBGP (BIOL. MANAG. POP.)
ECOLOGY (MARINE);UMR ENTROPIE (TROPIC. MAR. ECOL. PACIFIC INDIAN OCEANS)
ECOSYSTEM (MARINE);ENVIRONMENT (MARINE)
ECOSYSTEM (MARINE);UMR CBGP (BIOL. MANAG. POP.)
ECOSYSTEM (MARINE);UMR ENTROPIE (TROPIC. MAR. ECOL. PACIFIC INDIAN OCEANS)
ENVIRONMENT (MARINE);UMR CBGP (BIOL. MANAG. POP.)
ENVIRONMENT (MARINE);UMR ENTROPIE (TROPIC. MAR. ECOL. PACIFIC INDIAN OCEANS)
UMR CBGP (BIOL. MANAG. POP.);UMR ENTROPIE (TROPIC. MAR. ECOL. PACIFIC INDIAN OCEANS)
MARINE PROTECTED AREA (MPA);UMR ESPACE-DEV (SPACE FOR DEVEL.)
ECOSYSTEM (MARINE);ENVIRONMENT (MARINE)
ECOSYSTEM (MARINE);UMR ENTROPIE (TROPIC. MAR. ECOL. PACIFIC INDIAN OCEANS)
ENVIRONMENT (MARINE);UMR ENTROPIE (TROPIC. MAR. ECOL. PACIFIC INDIAN OCEANS)
BIODIVERSITY (MARINE);ECOLOGY (MARINE)
BIODIVERSITY (MARINE);ECOSYSTEM (MARINE)
BIODIVERSITY (MARINE);ENVIRONMENT (MARINE)
BIODIVERSITY (MARINE);MARINE PROTECTED AREA (MPA)
BIODIVERSITY (MARINE);UMR ENTROPIE (TROPIC. MAR. ECOL. PACIFIC INDIAN OCEANS)
ECOLOGY (MARINE);ECOSYSTEM (MARINE)
ECOLOGY (MARINE);ENVIRONMENT (MARINE)
ECOLOGY (MARINE);MARINE PROTECTED AREA (MPA)
ECOLOGY (MARINE);UMR ENTROPIE (TROPIC. MAR. ECOL. PACIFIC INDIAN OCEANS)
ECOSYSTEM (MARINE);ENVIRONMENT (MARINE)
ECOSYSTEM (MARINE);MARINE PROTECTED AREA (MPA)
ECOSYSTEM (MARINE);UMR ENTROPIE (TROPIC. MAR. ECOL. PACIFIC INDIAN OCEANS)
ENVIRONMENT (MARINE);MARINE PROTECTED AREA (MPA)
ENVIRONMENT (MARINE);UMR ENTROPIE (TROPIC. MAR. ECOL. PACIFIC INDIAN OCEANS)
MARINE PROTECTED AREA (MPA);UMR ENTROPIE (TROPIC. MAR. ECOL. PACIFIC INDIAN OCEANS)
BIODIVERSITY (MARINE);BIOLOGY (MARINE)
BIODIVERSITY (MARINE);ECOLOGY (MARINE)
BIODIVERSITY (MARINE);ECOSYSTEM (MARINE)
BIODIVERSITY (MARINE);ENVIRONMENT (MARINE)
BIODIVERSITY (MARINE);MARINE PROTECTED AREA (MPA)
BIODIVERSITY (MARINE);UMR MARBEC (MAR. BIODIV. EXPLOIT. CONSERV.)
BIOLOGY (MARINE);ECOLOGY (MARINE)
BIOLOGY (MARINE);ECOSYSTEM (MARINE)
BIOLOGY (MARINE);ENVIRONMENT (MARINE)
BIOLOGY (MARINE);MARINE PROTECTED AREA (MPA)
BIOLOGY (MARINE);UMR MARBEC (MAR. BIODIV. EXPLOIT. CONSERV.)
ECOLOGY (MARINE);ECOSYSTEM (MARINE)
ECOLOGY (MARINE);ENVIRONMENT (MARINE)
ECOLOGY (MARINE);MARINE PROTECTED AREA (MPA)
ECOLOGY (MARINE);UMR MARBEC (MAR. BIODIV. EXPLOIT. CONSERV.)
ECOSYSTEM (MARINE);ENVIRONMENT (MARINE)
ECOSYSTEM (MARINE);MARINE PROTECTED AREA (MPA)
ECOSYSTEM (MARINE);UMR MARBEC (MAR. BIODIV. EXPLOIT. CONSERV.)
ENVIRONMENT (MARINE);MARINE PROTECTED AREA (MPA)
ENVIRONMENT (MARINE);UMR MARBEC (MAR. BIODIV. EXPLOIT. CONSERV.)
MARINE PROTECTED AREA (MPA);UMR MARBEC (MAR. BIODIV. EXPLOIT. CONSERV.)
BIODIVERSITY (MARINE);BIOLOGY (MARINE)
BIODIVERSITY (MARINE);CORAL TRIANGLE (MARINE AREA)
BIODIVERSITY (MARINE);ECOLOGY (MARINE)
BIODIVERSITY (MARINE);ECOSYSTEM (MARINE)
BIODIVERSITY (MARINE);MARINE MEGAFAUNA
BIODIVERSITY (MARINE);MARINE PROTECTED AREA (MPA)
BIODIVERSITY (MARINE);UMR MARBEC (MAR. BIODIV. EXPLOIT. CONSERV.)
BIOLOGY (MARINE);CORAL TRIANGLE (MARINE AREA)
BIOLOGY (MARINE);ECOLOGY (MARINE)
BIOLOGY (MARINE);ECOSYSTEM (MARINE)
BIOLOGY (MARINE);MARINE MEGAFAUNA
BIOLOGY (MARINE);MARINE PROTECTED AREA (MPA)
BIOLOGY (MARINE);UMR MARBEC (MAR. BIODIV. EXPLOIT. CONSERV.)
CORAL TRIANGLE (MARINE AREA);ECOLOGY (MARINE)
CORAL TRIANGLE (MARINE AREA);ECOSYSTEM (MARINE)
CORAL TRIANGLE (MARINE AREA);MARINE MEGAFAUNA
CORAL TRIANGLE (MARINE AREA);MARINE PROTECTED AREA (MPA)
CORAL TRIANGLE (MARINE AREA);UMR MARBEC (MAR. BIODIV. EXPLOIT. CONSERV.)
ECOLOGY (MARINE);ECOSYSTEM (MARINE)
ECOLOGY (MARINE);MARINE MEGAFAUNA
ECOLOGY (MARINE);MARINE PROTECTED AREA (MPA)
ECOLOGY (MARINE);UMR MARBEC (MAR. BIODIV. EXPLOIT. CONSERV.)
ECOSYSTEM (MARINE);MARINE MEGAFAUNA
ECOSYSTEM (MARINE);MARINE PROTECTED AREA (MPA)
ECOSYSTEM (MARINE);UMR MARBEC (MAR. BIODIV. EXPLOIT. CONSERV.)
MARINE MEGAFAUNA;MARINE PROTECTED AREA (MPA)
MARINE MEGAFAUNA;UMR MARBEC (MAR. BIODIV. EXPLOIT. CONSERV.)
MARINE PROTECTED AREA (MPA);UMR MARBEC (MAR. BIODIV. EXPLOIT. CONSERV.)
BIODIVERSITY (MARINE);BIOLOGY (MARINE)
BIODIVERSITY (MARINE);ECOLOGY (MARINE)
BIODIVERSITY (MARINE);ECOSYSTEM (MARINE)
BIODIVERSITY (MARINE);UMR MARBEC (MAR. BIODIV. EXPLOIT. CONSERV.)
BIOLOGY (MARINE);ECOLOGY (MARINE)
BIOLOGY (MARINE);ECOSYSTEM (MARINE)
BIOLOGY (MARINE);UMR MARBEC (MAR. BIODIV. EXPLOIT. CONSERV.)
ECOLOGY (MARINE);ECOSYSTEM (MARINE)
ECOLOGY (MARINE);UMR MARBEC (MAR. BIODIV. EXPLOIT. CONSERV.)
ECOSYSTEM (MARINE);UMR MARBEC (MAR. BIODIV. EXPLOIT. CONSERV.)
UMR ESPACE-DEV (SPACE FOR DEVEL.);UMR LTHE (HYDROL. ENVIRON. TRANSFERS)
BIODIVERSITY (MARINE);BIOLOGY (MARINE)
BIODIVERSITY (MARINE);ECOSYSTEM (MARINE)
BIODIVERSITY (MARINE);MARINE PROTECTED AREA (MPA)
BIODIVERSITY (MARINE);UMR MARBEC (MAR. BIODIV. EXPLOIT. CONSERV.)
BIOLOGY (MARINE);ECOSYSTEM (MARINE)
BIOLOGY (MARINE);MARINE PROTECTED AREA (MPA)
BIOLOGY (MARINE);UMR MARBEC (MAR. BIODIV. EXPLOIT. CONSERV.)
ECOSYSTEM (MARINE);MARINE PROTECTED AREA (MPA)
ECOSYSTEM (MARINE);UMR MARBEC (MAR. BIODIV. EXPLOIT. CONSERV.)
MARINE PROTECTED AREA (MPA);UMR MARBEC (MAR. BIODIV. EXPLOIT. CONSERV.)
BIODIVERSITY (MARINE);BIOLOGY (MARINE)
BIODIVERSITY (MARINE);ECOLOGY (MARINE)
BIODIVERSITY (MARINE);ECOSYSTEM (MARINE)
BIODIVERSITY (MARINE);HABITAT (MARINE)
BIODIVERSITY (MARINE);MARINE PROTECTED AREA (MPA)
BIODIVERSITY (MARINE);UMR MARBEC (MAR. BIODIV. EXPLOIT. CONSERV.)
BIOLOGY (MARINE);ECOLOGY (MARINE)
BIOLOGY (MARINE);ECOSYSTEM (MARINE)
BIOLOGY (MARINE);HABITAT (MARINE)
BIOLOGY (MARINE);MARINE PROTECTED AREA (MPA)
BIOLOGY (MARINE);UMR MARBEC (MAR. BIODIV. EXPLOIT. CONSERV.)
ECOLOGY (MARINE);ECOSYSTEM (MARINE)
ECOLOGY (MARINE);HABITAT (MARINE)
ECOLOGY (MARINE);MARINE PROTECTED AREA (MPA)
ECOLOGY (MARINE);UMR MARBEC (MAR. BIODIV. EXPLOIT. CONSERV.)
ECOSYSTEM (MARINE);HABITAT (MARINE)
ECOSYSTEM (MARINE);MARINE PROTECTED AREA (MPA)
ECOSYSTEM (MARINE);UMR MARBEC (MAR. BIODIV. EXPLOIT. CONSERV.)
HABITAT (MARINE);MARINE PROTECTED AREA (MPA)
HABITAT (MARINE);UMR MARBEC (MAR. BIODIV. EXPLOIT. CONSERV.)
MARINE PROTECTED AREA (MPA);UMR MARBEC (MAR. BIODIV. EXPLOIT. CONSERV.)
BIODIVERSITY (MARINE);ECOLOGY (MARINE)
BIODIVERSITY (MARINE);ECOSYSTEM (MARINE)
BIODIVERSITY (MARINE);ENVIRONMENT (MARINE)
BIODIVERSITY (MARINE);HABITAT (MARINE)
BIODIVERSITY (MARINE);MARINE PROTECTED AREA (MPA)
BIODIVERSITY (MARINE);UMR ESPACE-DEV (SPACE FOR DEVEL.)
ECOLOGY (MARINE);ECOSYSTEM (MARINE)
ECOLOGY (MARINE);ENVIRONMENT (MARINE)
ECOLOGY (MARINE);HABITAT (MARINE)
ECOLOGY (MARINE);MARINE PROTECTED AREA (MPA)
ECOLOGY (MARINE);UMR ESPACE-DEV (SPACE FOR DEVEL.)
ECOSYSTEM (MARINE);ENVIRONMENT (MARINE)
ECOSYSTEM (MARINE);HABITAT (MARINE)
ECOSYSTEM (MARINE);MARINE PROTECTED AREA (MPA)
ECOSYSTEM (MARINE);UMR ESPACE-DEV (SPACE FOR DEVEL.)
ENVIRONMENT (MARINE);HABITAT (MARINE)
ENVIRONMENT (MARINE);MARINE PROTECTED AREA (MPA)
ENVIRONMENT (MARINE);UMR ESPACE-DEV (SPACE FOR DEVEL.)
HABITAT (MARINE);MARINE PROTECTED AREA (MPA)
HABITAT (MARINE);UMR ESPACE-DEV (SPACE FOR DEVEL.)
MARINE PROTECTED AREA (MPA);UMR ESPACE-DEV (SPACE FOR DEVEL.)
ECOLOGY (MARINE);UMR ENTROPIE (TROPIC. MAR. ECOL. PACIFIC INDIAN OCEANS)
UMR MIVEGEC (INFECTIOUS DISEASES AND VECTORS);UMR TRANSVIHMI (TRANSLATIONAL RES. HIV AND INFECTIOUS DISEASES)
MARINE BIODIVERSITY;MARINE ECOLOGY
MARINE BIODIVERSITY;MARINE ECOSYSTEM
MARINE BIODIVERSITY;UMR MARBEC (MARINE BIODIVERSITY, EXPLOITATION AND CONSERVATION)
MARINE ECOLOGY;MARINE ECOSYSTEM
MARINE ECOLOGY;UMR MARBEC (MARINE BIODIVERSITY, EXPLOITATION AND CONSERVATION)
MARINE ECOSYSTEM;UMR MARBEC (MARINE BIODIVERSITY, EXPLOITATION AND CONSERVATION)
BIOLOGY (MARINE);ECOLOGY (MARINE)
BIOLOGY (MARINE);MARINE ECOSYSTEM
BIOLOGY (MARINE);MARINE PROTECTED AREA (MPA)
BIOLOGY (MARINE);UMR MARBEC (MARINE BIODIVERSITY, EXPLOITATION AND CONSERVATION)
ECOLOGY (MARINE);MARINE ECOSYSTEM
ECOLOGY (MARINE);MARINE PROTECTED AREA (MPA)
ECOLOGY (MARINE);UMR MARBEC (MARINE BIODIVERSITY, EXPLOITATION AND CONSERVATION)
MARINE ECOSYSTEM;MARINE PROTECTED AREA (MPA)
MARINE ECOSYSTEM;UMR MARBEC (MARINE BIODIVERSITY, EXPLOITATION AND CONSERVATION)
MARINE PROTECTED AREA (MPA);UMR MARBEC (MARINE BIODIVERSITY, EXPLOITATION AND CONSERVATION)
