GEOGRAPHY (SOCIAL);MONITORING (SOCIO-ENVIRONMENTAL)
GEOGRAPHY (SOCIAL);SOCIAL INCLUSION
GEOGRAPHY (SOCIAL);SOCIO-ECOLOGICAL SCENARIO
MONITORING (SOCIO-ENVIRONMENTAL);SOCIAL INCLUSION
MONITORING (SOCIO-ENVIRONMENTAL);SOCIO-ECOLOGICAL SCENARIO
SOCIAL INCLUSION;SOCIO-ECOLOGICAL SCENARIO
COMPUTATIONAL SOCIOLOGY;MONITORING (SOCIO-ENVIRONMENTAL)
COMPUTATIONAL SOCIOLOGY;SDG 16 (SUST. DEVEL. GOAL - SOCIETY)
COMPUTATIONAL SOCIOLOGY;SIMULATION (SOCIAL)
COMPUTATIONAL SOCIOLOGY;SOCIAL INSECTS
COMPUTATIONAL SOCIOLOGY;SOCIO-ECOLOGICAL SCENARIO
COMPUTATIONAL SOCIOLOGY;SOCIO-ECOSYSTEM
MONITORING (SOCIO-ENVIRONMENTAL);SDG 16 (SUST. DEVEL. GOAL - SOCIETY)
MONITORING (SOCIO-ENVIRONMENTAL);SIMULATION (SOCIAL)
MONITORING (SOCIO-ENVIRONMENTAL);SOCIAL INSECTS
MONITORING (SOCIO-ENVIRONMENTAL);SOCIO-ECOLOGICAL SCENARIO
MONITORING (SOCIO-ENVIRONMENTAL);SOCIO-ECOSYSTEM
SDG 16 (SUST. DEVEL. GOAL - SOCIETY);SIMULATION (SOCIAL)
SDG 16 (SUST. DEVEL. GOAL - SOCIETY);SOCIAL INSECTS
SDG 16 (SUST. DEVEL. GOAL - SOCIETY);SOCIO-ECOLOGICAL SCENARIO
SDG 16 (SUST. DEVEL. GOAL - SOCIETY);SOCIO-ECOSYSTEM
SIMULATION (SOCIAL);SOCIAL INSECTS
SIMULATION (SOCIAL);SOCIO-ECOLOGICAL SCENARIO
SIMULATION (SOCIAL);SOCIO-ECOSYSTEM
SOCIAL INSECTS;SOCIO-ECOLOGICAL SCENARIO
SOCIAL INSECTS;SOCIO-ECOSYSTEM
SOCIO-ECOLOGICAL SCENARIO;SOCIO-ECOSYSTEM
DATA (ENVIRONMENTAL, SOCIO-ECOLOGICAL);INDICATOR (SOCIO-ENVIRONMENTAL)
CLIMATE-SOCIETY INTERACTION;DATA (ENVIRONMENTAL, SOCIO-ECOLOGICAL)
CLIMATE-SOCIETY INTERACTION;MONITORING (SOCIO-ENVIRONMENTAL)
CLIMATE-SOCIETY INTERACTION;SOCIO-ECOSYSTEM
DATA (ENVIRONMENTAL, SOCIO-ECOLOGICAL);MONITORING (SOCIO-ENVIRONMENTAL)
DATA (ENVIRONMENTAL, SOCIO-ECOLOGICAL);SOCIO-ECOSYSTEM
MONITORING (SOCIO-ENVIRONMENTAL);SOCIO-ECOSYSTEM
SIMULATION (SOCIAL);SOCIO-ECOLOGICAL SCENARIO
MONITORING (SOCIO-ENVIRONMENTAL);SOCIO-HYDROLOGY
DATA (ENVIRONMENTAL, SOCIO-ECOLOGICAL);MONITORING (SOCIO-ENVIRONMENTAL)
DATA (ENVIRONMENTAL, SOCIO-ECOLOGICAL);SDG 16 (SUST. DEVEL. GOAL - SOCIETY)
DATA (ENVIRONMENTAL, SOCIO-ECOLOGICAL);SOCIAL NETWORK ANALYSIS
MONITORING (SOCIO-ENVIRONMENTAL);SDG 16 (SUST. DEVEL. GOAL - SOCIETY)
MONITORING (SOCIO-ENVIRONMENTAL);SOCIAL NETWORK ANALYSIS
SDG 16 (SUST. DEVEL. GOAL - SOCIETY);SOCIAL NETWORK ANALYSIS
CLIMATE-SOCIETY INTERACTION;DATA (ENVIRONMENTAL, SOCIO-ECOLOGICAL)
CLIMATE-SOCIETY INTERACTION;ENVIRONMENT-SOCIETY RELATIONS
CLIMATE-SOCIETY INTERACTION;SOCIO-ECOLOGICAL SCENARIO
CLIMATE-SOCIETY INTERACTION;SOCIO-ECOSYSTEM
ENVIRONMENT-SOCIETY RELATIONS;SOCIO-ECOLOGICAL SCENARIO
ENVIRONMENT-SOCIETY RELATIONS;SOCIO-ECOSYSTEM
SOCIO-ECOLOGICAL SCENARIO;SOCIO-ECOSYSTEM
DATA (ENVIRONMENTAL, SOCIO-ECOLOGICAL);SOCIO-ECOSYSTEM
MONITORING (SOCIO-ENVIRONMENTAL);SOCIAL NETWORK ANALYSIS
DATA (ENVIRONMENTAL, SOCIO-ECOLOGICAL);SOCIO-ECOSYSTEM
GEOGRAPHY (SOCIAL);MONITORING (SOCIO-ENVIRONMENTAL)
GEOGRAPHY (SOCIAL);SDG 16 (SUST. DEVEL. GOAL - SOCIETY)
GEOGRAPHY (SOCIAL);SOCIAL REPRESENTATION
MONITORING (SOCIO-ENVIRONMENTAL);SDG 16 (SUST. DEVEL. GOAL - SOCIETY)
MONITORING (SOCIO-ENVIRONMENTAL);SOCIAL REPRESENTATION
SDG 16 (SUST. DEVEL. GOAL - SOCIETY);SOCIAL REPRESENTATION
DATA (ENVIRONMENTAL, SOCIO-ECOLOGICAL);GEOGRAPHY (SOCIAL)
DATA (ENVIRONMENTAL, SOCIO-ECOLOGICAL);SDG 16 (SUST. DEVEL. GOAL - SOCIETY)
DATA (ENVIRONMENTAL, SOCIO-ECOLOGICAL);SOCIAL REPRESENTATION
GEOGRAPHY (SOCIAL);SDG 16 (SUST. DEVEL. GOAL - SOCIETY)
GEOGRAPHY (SOCIAL);SOCIAL REPRESENTATION
SDG 16 (SUST. DEVEL. GOAL - SOCIETY);SOCIAL REPRESENTATION
GEOGRAPHY (SOCIAL);SDG 16 (SUST. DEVEL. GOAL - SOCIETY)
CLIMATE-SOCIETY INTERACTION;ENVIRONMENT-SOCIETY RELATIONS
CLIMATE-SOCIETY INTERACTION;MONITORING (SOCIO-ENVIRONMENTAL)
CLIMATE-SOCIETY INTERACTION;SOCIO-ECOSYSTEM
ENVIRONMENT-SOCIETY RELATIONS;MONITORING (SOCIO-ENVIRONMENTAL)
ENVIRONMENT-SOCIETY RELATIONS;SOCIO-ECOSYSTEM
MONITORING (SOCIO-ENVIRONMENTAL);SOCIO-ECOSYSTEM
DATA (ENVIRONMENTAL, SOCIO-ECOLOGICAL);MONITORING (SOCIO-ENVIRONMENTAL)
DATA (ENVIRONMENTAL, SOCIO-ECOLOGICAL);SOCIAL REPRESENTATION
DATA (ENVIRONMENTAL, SOCIO-ECOLOGICAL);SOCIO-ECOLOGICAL SCENARIO
MONITORING (SOCIO-ENVIRONMENTAL);SOCIAL REPRESENTATION
MONITORING (SOCIO-ENVIRONMENTAL);SOCIO-ECOLOGICAL SCENARIO
SOCIAL REPRESENTATION;SOCIO-ECOLOGICAL SCENARIO
ENVIRONMENT-SOCIETY RELATIONS;INDICATOR (SOCIO-ENVIRONMENTAL)
ENVIRONMENT-SOCIETY RELATIONS;SOCIO-ECOSYSTEM
INDICATOR (SOCIO-ENVIRONMENTAL);SOCIO-ECOSYSTEM
CLIMATE-SOCIETY INTERACTION;SOCIO-ECOSYSTEM
CLIMATE-SOCIETY INTERACTION;SOCIO-HYDROLOGY
SOCIO-ECOSYSTEM;SOCIO-HYDROLOGY
MONITORING (SOCIO-ENVIRONMENTAL);SDG 16 (SUST. DEVEL. GOAL - SOCIETY)
MONITORING (SOCIO-ENVIRONMENTAL);SOCIO-ECOLOGICAL SCENARIO
SDG 16 (SUST. DEVEL. GOAL - SOCIETY);SOCIO-ECOLOGICAL SCENARIO
COMPUTATIONAL SOCIOLOGY;MONITORING (SOCIO-ENVIRONMENTAL)
COMPUTATIONAL SOCIOLOGY;SDG 16 (SUST. DEVEL. GOAL - SOCIETY)
COMPUTATIONAL SOCIOLOGY;SIMULATION (SOCIAL)
COMPUTATIONAL SOCIOLOGY;SOCIAL INSECTS
COMPUTATIONAL SOCIOLOGY;SOCIO-ECOLOGICAL SCENARIO
MONITORING (SOCIO-ENVIRONMENTAL);SDG 16 (SUST. DEVEL. GOAL - SOCIETY)
MONITORING (SOCIO-ENVIRONMENTAL);SIMULATION (SOCIAL)
MONITORING (SOCIO-ENVIRONMENTAL);SOCIAL INSECTS
MONITORING (SOCIO-ENVIRONMENTAL);SOCIO-ECOLOGICAL SCENARIO
SDG 16 (SUST. DEVEL. GOAL - SOCIETY);SIMULATION (SOCIAL)
SDG 16 (SUST. DEVEL. GOAL - SOCIETY);SOCIAL INSECTS
SDG 16 (SUST. DEVEL. GOAL - SOCIETY);SOCIO-ECOLOGICAL SCENARIO
SIMULATION (SOCIAL);SOCIAL INSECTS
SIMULATION (SOCIAL);SOCIO-ECOLOGICAL SCENARIO
SOCIAL INSECTS;SOCIO-ECOLOGICAL SCENARIO
DATA (ENVIRONMENTAL, SOCIO-ECOLOGICAL);ENVIRONMENT-SOCIETY RELATIONS
DATA (ENVIRONMENTAL, SOCIO-ECOLOGICAL);INDICATOR (SOCIO-ENVIRONMENTAL)
DATA (ENVIRONMENTAL, SOCIO-ECOLOGICAL);MONITORING (SOCIO-ENVIRONMENTAL)
ENVIRONMENT-SOCIETY RELATIONS;INDICATOR (SOCIO-ENVIRONMENTAL)
ENVIRONMENT-SOCIETY RELATIONS;MONITORING (SOCIO-ENVIRONMENTAL)
INDICATOR (SOCIO-ENVIRONMENTAL);MONITORING (SOCIO-ENVIRONMENTAL)
